snapshot_time,competition,event,market,outcome,probability,decimal_odds,volume,volume_24h,liquidity,spread,end_date,market_score,url,moneyline,total_over_under2.5,btts_yes_no
2026-05-28T16:59:03.535137+00:00,FIFA World Cup 2026,2026 FIFA World Cup Winner ,winner,Spain - Yes,0.1695,5.9,25170155.029565003,348981.95253100037,768034.16021,0.001,2026-07-20T00:00:00Z,,https://polymarket.com/event/2026-fifa-world-cup-winner-595,,,
2026-05-28T16:59:03.535137+00:00,FIFA World Cup 2026,2026 FIFA World Cup Winner ,winner,Spain - No,0.8305,1.2,25170155.029565003,348981.95253100037,768034.16021,0.001,2026-07-20T00:00:00Z,,https://polymarket.com/event/2026-fifa-world-cup-winner-595,,,
2026-05-28T16:59:03.535137+00:00,FIFA World Cup 2026,2026 FIFA World Cup Winner ,winner,New Zealand - Yes,0.0005,2000.0,35029989.290645175,2209.52,9851481.63349,0.001,2026-07-20T00:00:00Z,,https://polymarket.com/event/2026-fifa-world-cup-winner-595,,,
2026-05-28T16:59:03.535137+00:00,FIFA World Cup 2026,2026 FIFA World Cup Winner ,winner,New Zealand - No,0.9995,1.0,35029989.290645175,2209.52,9851481.63349,0.001,2026-07-20T00:00:00Z,,https://polymarket.com/event/2026-fifa-world-cup-winner-595,,,
2026-05-28T16:59:03.535137+00:00,FIFA World Cup 2026,2026 FIFA World Cup Winner ,winner,Switzerland - Yes,0.0115,86.96,23057232.687366504,498695.2767829999,1083081.63869,0.001,2026-07-20T00:00:00Z,,https://polymarket.com/event/2026-fifa-world-cup-winner-595,,,
2026-05-28T16:59:03.535137+00:00,FIFA World Cup 2026,2026 FIFA World Cup Winner ,winner,Switzerland - No,0.9885,1.01,23057232.687366504,498695.2767829999,1083081.63869,0.001,2026-07-20T00:00:00Z,,https://polymarket.com/event/2026-fifa-world-cup-winner-595,,,
2026-05-28T16:59:03.535137+00:00,FIFA World Cup 2026,2026 FIFA World Cup Winner ,winner,England - Yes,0.1115,8.97,20729011.925360873,334099.7425709982,1465977.5445,0.001,2026-07-20T00:00:00Z,,https://polymarket.com/event/2026-fifa-world-cup-winner-595,,,
2026-05-28T16:59:03.535137+00:00,FIFA World Cup 2026,2026 FIFA World Cup Winner ,winner,England - No,0.8885,1.13,20729011.925360873,334099.7425709982,1465977.5445,0.001,2026-07-20T00:00:00Z,,https://polymarket.com/event/2026-fifa-world-cup-winner-595,,,
2026-05-28T16:59:03.535137+00:00,FIFA World Cup 2026,2026 FIFA World Cup Winner ,winner,Team AM - Yes,,,0,0,0,1,2026-07-20T00:00:00Z,,https://polymarket.com/event/2026-fifa-world-cup-winner-595,,,
2026-05-28T16:59:03.535137+00:00,FIFA World Cup 2026,2026 FIFA World Cup Winner ,winner,Team AM - No,,,0,0,0,1,2026-07-20T00:00:00Z,,https://polymarket.com/event/2026-fifa-world-cup-winner-595,,,
2026-05-28T16:59:03.535137+00:00,FIFA World Cup 2026,2026 FIFA World Cup Winner ,winner,France - Yes,0.1665,6.01,31432509.023512915,398104.108599,825906.93121,0.001,2026-07-20T00:00:00Z,,https://polymarket.com/event/2026-fifa-world-cup-winner-595,,,
2026-05-28T16:59:03.535137+00:00,FIFA World Cup 2026,2026 FIFA World Cup Winner ,winner,France - No,0.8335,1.2,31432509.023512915,398104.108599,825906.93121,0.001,2026-07-20T00:00:00Z,,https://polymarket.com/event/2026-fifa-world-cup-winner-595,,,
2026-05-28T16:59:03.535137+00:00,FIFA World Cup 2026,2026 FIFA World Cup Winner ,winner,South Korea - Yes,0.0025,400.0,31371019.475655466,1977571.4359900008,4686018.29361,0.001,2026-07-20T00:00:00Z,,https://polymarket.com/event/2026-fifa-world-cup-winner-595,,,
2026-05-28T16:59:03.535137+00:00,FIFA World Cup 2026,2026 FIFA World Cup Winner ,winner,South Korea - No,0.9975,1.0,31371019.475655466,1977571.4359900008,4686018.29361,0.001,2026-07-20T00:00:00Z,,https://polymarket.com/event/2026-fifa-world-cup-winner-595,,,
2026-05-28T16:59:03.535137+00:00,FIFA World Cup 2026,2026 FIFA World Cup Winner ,winner,Haiti - Yes,0.0005,2000.0,20017693.57882009,1000.8,10460353.55514,0.001,2026-07-20T00:00:00Z,,https://polymarket.com/event/2026-fifa-world-cup-winner-595,,,
2026-05-28T16:59:03.535137+00:00,FIFA World Cup 2026,2026 FIFA World Cup Winner ,winner,Haiti - No,0.9995,1.0,20017693.57882009,1000.8,10460353.55514,0.001,2026-07-20T00:00:00Z,,https://polymarket.com/event/2026-fifa-world-cup-winner-595,,,
2026-05-28T16:59:03.535137+00:00,FIFA World Cup 2026,2026 FIFA World Cup Winner ,winner,Brazil - Yes,0.0935,10.7,22650108.736662116,315449.3303469999,1419365.97483,0.001,2026-07-20T00:00:00Z,,https://polymarket.com/event/2026-fifa-world-cup-winner-595,,,
2026-05-28T16:59:03.535137+00:00,FIFA World Cup 2026,2026 FIFA World Cup Winner ,winner,Brazil - No,0.9065,1.1,22650108.736662116,315449.3303469999,1419365.97483,0.001,2026-07-20T00:00:00Z,,https://polymarket.com/event/2026-fifa-world-cup-winner-595,,,
2026-05-28T16:59:03.535137+00:00,FIFA World Cup 2026,2026 FIFA World Cup Winner ,winner,Jordan - Yes,0.0005,2000.0,30347638.03188278,58595.17,10234164.43685,0.001,2026-07-20T00:00:00Z,,https://polymarket.com/event/2026-fifa-world-cup-winner-595,,,
2026-05-28T16:59:03.535137+00:00,FIFA World Cup 2026,2026 FIFA World Cup Winner ,winner,Jordan - No,0.9995,1.0,30347638.03188278,58595.17,10234164.43685,0.001,2026-07-20T00:00:00Z,,https://polymarket.com/event/2026-fifa-world-cup-winner-595,,,
2026-05-28T16:59:03.535137+00:00,FIFA World Cup 2026,2026 FIFA World Cup Winner ,winner,Curaçao - Yes,0.0005,2000.0,40271487.33691622,11193.16,9985205.41687,0.001,2026-07-20T00:00:00Z,,https://polymarket.com/event/2026-fifa-world-cup-winner-595,,,
2026-05-28T16:59:03.535137+00:00,FIFA World Cup 2026,2026 FIFA World Cup Winner ,winner,Curaçao - No,0.9995,1.0,40271487.33691622,11193.16,9985205.41687,0.001,2026-07-20T00:00:00Z,,https://polymarket.com/event/2026-fifa-world-cup-winner-595,,,
2026-05-28T16:59:03.535137+00:00,FIFA World Cup 2026,2026 FIFA World Cup Winner ,winner,Argentina - Yes,0.0845,11.83,22384509.717219908,419266.3002880001,1106524.60787,0.001,2026-07-20T00:00:00Z,,https://polymarket.com/event/2026-fifa-world-cup-winner-595,,,
2026-05-28T16:59:03.535137+00:00,FIFA World Cup 2026,2026 FIFA World Cup Winner ,winner,Argentina - No,0.9155,1.09,22384509.717219908,419266.3002880001,1106524.60787,0.001,2026-07-20T00:00:00Z,,https://polymarket.com/event/2026-fifa-world-cup-winner-595,,,
2026-05-28T16:59:03.535137+00:00,FIFA World Cup 2026,2026 FIFA World Cup Winner ,winner,Germany - Yes,0.0515,19.42,21217526.28331074,736270.0044750017,872454.38844,0.001,2026-07-20T00:00:00Z,,https://polymarket.com/event/2026-fifa-world-cup-winner-595,,,
2026-05-28T16:59:03.535137+00:00,FIFA World Cup 2026,2026 FIFA World Cup Winner ,winner,Germany - No,0.9485,1.05,21217526.28331074,736270.0044750017,872454.38844,0.001,2026-07-20T00:00:00Z,,https://polymarket.com/event/2026-fifa-world-cup-winner-595,,,
2026-05-28T16:59:03.535137+00:00,FIFA World Cup 2026,2026 FIFA World Cup Winner ,winner,Colombia - Yes,0.0175,57.14,20919294.15383659,307785.109639,5434733.62747,0.001,2026-07-20T00:00:00Z,,https://polymarket.com/event/2026-fifa-world-cup-winner-595,,,
2026-05-28T16:59:03.535137+00:00,FIFA World Cup 2026,2026 FIFA World Cup Winner ,winner,Colombia - No,0.9825,1.02,20919294.15383659,307785.109639,5434733.62747,0.001,2026-07-20T00:00:00Z,,https://polymarket.com/event/2026-fifa-world-cup-winner-595,,,
2026-05-28T16:59:03.535137+00:00,FIFA World Cup 2026,2026 FIFA World Cup Winner ,winner,Iran - Yes,0.0015,666.67,31492038.853790138,308741.97200000007,6092822.85875,0.001,2026-07-20T00:00:00Z,,https://polymarket.com/event/2026-fifa-world-cup-winner-595,,,
2026-05-28T16:59:03.535137+00:00,FIFA World Cup 2026,2026 FIFA World Cup Winner ,winner,Iran - No,0.9985,1.0,31492038.853790138,308741.97200000007,6092822.85875,0.001,2026-07-20T00:00:00Z,,https://polymarket.com/event/2026-fifa-world-cup-winner-595,,,
2026-05-28T16:59:03.535137+00:00,FIFA World Cup 2026,2026 FIFA World Cup Winner ,winner,Portugal - Yes,0.1035,9.66,25051899.428086672,477684.7022229999,773673.77231,0.001,2026-07-20T00:00:00Z,,https://polymarket.com/event/2026-fifa-world-cup-winner-595,,,
2026-05-28T16:59:03.535137+00:00,FIFA World Cup 2026,2026 FIFA World Cup Winner ,winner,Portugal - No,0.8965,1.12,25051899.428086672,477684.7022229999,773673.77231,0.001,2026-07-20T00:00:00Z,,https://polymarket.com/event/2026-fifa-world-cup-winner-595,,,
2026-05-28T16:59:03.535137+00:00,FIFA World Cup 2026,2026 FIFA World Cup Winner ,winner,Ghana - Yes,0.0025,400.0,23736981.06580305,173332.47266599993,9637233.27207,0.001,2026-07-20T00:00:00Z,,https://polymarket.com/event/2026-fifa-world-cup-winner-595,,,
2026-05-28T16:59:03.535137+00:00,FIFA World Cup 2026,2026 FIFA World Cup Winner ,winner,Ghana - No,0.9975,1.0,23736981.06580305,173332.47266599993,9637233.27207,0.001,2026-07-20T00:00:00Z,,https://polymarket.com/event/2026-fifa-world-cup-winner-595,,,
2026-05-28T16:59:03.535137+00:00,FIFA World Cup 2026,2026 FIFA World Cup Winner ,winner,Netherlands - Yes,0.0375,26.67,24056013.37607051,340530.733934,536768.87706,0.001,2026-07-20T00:00:00Z,,https://polymarket.com/event/2026-fifa-world-cup-winner-595,,,
2026-05-28T16:59:03.535137+00:00,FIFA World Cup 2026,2026 FIFA World Cup Winner ,winner,Netherlands - No,0.9625,1.04,24056013.37607051,340530.733934,536768.87706,0.001,2026-07-20T00:00:00Z,,https://polymarket.com/event/2026-fifa-world-cup-winner-595,,,
2026-05-28T16:59:03.535137+00:00,FIFA World Cup 2026,2026 FIFA World Cup Winner ,winner,Algeria - Yes,0.0015,666.67,26249254.84221532,195579.5590000001,9628735.09818,0.001,2026-07-20T00:00:00Z,,https://polymarket.com/event/2026-fifa-world-cup-winner-595,,,
2026-05-28T16:59:03.535137+00:00,FIFA World Cup 2026,2026 FIFA World Cup Winner ,winner,Algeria - No,0.9985,1.0,26249254.84221532,195579.5590000001,9628735.09818,0.001,2026-07-20T00:00:00Z,,https://polymarket.com/event/2026-fifa-world-cup-winner-595,,,
2026-05-28T16:59:03.535137+00:00,FIFA World Cup 2026,2026 FIFA World Cup Winner ,winner,Bosnia-Herzegovina - Yes,0.0025,400.0,13393551.948493635,243254.38366199995,10349990.31806,0.001,2026-07-20T00:00:00Z,,https://polymarket.com/event/2026-fifa-world-cup-winner-595,,,
2026-05-28T16:59:03.535137+00:00,FIFA World Cup 2026,2026 FIFA World Cup Winner ,winner,Bosnia-Herzegovina - No,0.9975,1.0,13393551.948493635,243254.38366199995,10349990.31806,0.001,2026-07-20T00:00:00Z,,https://polymarket.com/event/2026-fifa-world-cup-winner-595,,,
2026-05-28T16:59:03.535137+00:00,FIFA World Cup 2026,2026 FIFA World Cup Winner ,winner,Italy - Yes,0,,8666273.297316846,,,0.001,2026-07-20T00:00:00Z,,https://polymarket.com/event/2026-fifa-world-cup-winner-595,,,
2026-05-28T16:59:03.535137+00:00,FIFA World Cup 2026,2026 FIFA World Cup Winner ,winner,Italy - No,1,1.0,8666273.297316846,,,0.001,2026-07-20T00:00:00Z,,https://polymarket.com/event/2026-fifa-world-cup-winner-595,,,
2026-05-28T16:59:03.535137+00:00,FIFA World Cup 2026,2026 FIFA World Cup Winner ,winner,USA - Yes,0.0115,86.96,39621896.05543707,301123.51938199997,5950716.46985,0.001,2026-07-20T00:00:00Z,,https://polymarket.com/event/2026-fifa-world-cup-winner-595,,,
2026-05-28T16:59:03.535137+00:00,FIFA World Cup 2026,2026 FIFA World Cup Winner ,winner,USA - No,0.9885,1.01,39621896.05543707,301123.51938199997,5950716.46985,0.001,2026-07-20T00:00:00Z,,https://polymarket.com/event/2026-fifa-world-cup-winner-595,,,
2026-05-28T16:59:03.535137+00:00,FIFA World Cup 2026,2026 FIFA World Cup Winner ,winner,Canada - Yes,0.0035,285.71,28891422.7585438,189466.294936,9229189.02626,0.001,2026-07-20T00:00:00Z,,https://polymarket.com/event/2026-fifa-world-cup-winner-595,,,
2026-05-28T16:59:03.535137+00:00,FIFA World Cup 2026,2026 FIFA World Cup Winner ,winner,Canada - No,0.9965,1.0,28891422.7585438,189466.294936,9229189.02626,0.001,2026-07-20T00:00:00Z,,https://polymarket.com/event/2026-fifa-world-cup-winner-595,,,
2026-05-28T16:59:03.535137+00:00,FIFA World Cup 2026,2026 FIFA World Cup Winner ,winner,Turkiye - Yes,0.0075,133.33,16599012.4118419,1108557.5921400003,3402335.16004,0.001,2026-07-20T00:00:00Z,,https://polymarket.com/event/2026-fifa-world-cup-winner-595,,,
2026-05-28T16:59:03.535137+00:00,FIFA World Cup 2026,2026 FIFA World Cup Winner ,winner,Turkiye - No,0.9925,1.01,16599012.4118419,1108557.5921400003,3402335.16004,0.001,2026-07-20T00:00:00Z,,https://polymarket.com/event/2026-fifa-world-cup-winner-595,,,
2026-05-28T16:59:03.535137+00:00,FIFA World Cup 2026,2026 FIFA World Cup Winner ,winner,Uruguay - Yes,0.0105,95.24,21809089.287752695,180661.15873199992,6917061.52155,0.001,2026-07-20T00:00:00Z,,https://polymarket.com/event/2026-fifa-world-cup-winner-595,,,
2026-05-28T16:59:03.535137+00:00,FIFA World Cup 2026,2026 FIFA World Cup Winner ,winner,Uruguay - No,0.9895,1.01,21809089.287752695,180661.15873199992,6917061.52155,0.001,2026-07-20T00:00:00Z,,https://polymarket.com/event/2026-fifa-world-cup-winner-595,,,
2026-05-28T16:59:03.535137+00:00,FIFA World Cup 2026,2026 FIFA World Cup Winner ,winner,Team AI - Yes,,,0,0,0,1,2026-07-20T00:00:00Z,,https://polymarket.com/event/2026-fifa-world-cup-winner-595,,,
2026-05-28T16:59:03.535137+00:00,FIFA World Cup 2026,2026 FIFA World Cup Winner ,winner,Team AI - No,,,0,0,0,1,2026-07-20T00:00:00Z,,https://polymarket.com/event/2026-fifa-world-cup-winner-595,,,
2026-05-28T16:59:03.535137+00:00,FIFA World Cup 2026,2026 FIFA World Cup Winner ,winner,Mexico - Yes,0.0105,95.24,25657172.527455725,250098.30054299996,2677029.34297,0.001,2026-07-20T00:00:00Z,,https://polymarket.com/event/2026-fifa-world-cup-winner-595,,,
2026-05-28T16:59:03.535137+00:00,FIFA World Cup 2026,2026 FIFA World Cup Winner ,winner,Mexico - No,0.9895,1.01,25657172.527455725,250098.30054299996,2677029.34297,0.001,2026-07-20T00:00:00Z,,https://polymarket.com/event/2026-fifa-world-cup-winner-595,,,
2026-05-28T16:59:03.535137+00:00,FIFA World Cup 2026,2026 FIFA World Cup Winner ,winner,Paraguay - Yes,0.0025,400.0,25478249.567918777,195589.08399500005,7120368.31279,0.001,2026-07-20T00:00:00Z,,https://polymarket.com/event/2026-fifa-world-cup-winner-595,,,
2026-05-28T16:59:03.535137+00:00,FIFA World Cup 2026,2026 FIFA World Cup Winner ,winner,Paraguay - No,0.9975,1.0,25478249.567918777,195589.08399500005,7120368.31279,0.001,2026-07-20T00:00:00Z,,https://polymarket.com/event/2026-fifa-world-cup-winner-595,,,
2026-05-28T16:59:03.535137+00:00,FIFA World Cup 2026,2026 FIFA World Cup Winner ,winner,Scotland - Yes,0.0025,400.0,28130155.772120833,335933.0629770002,8855025.09097,0.001,2026-07-20T00:00:00Z,,https://polymarket.com/event/2026-fifa-world-cup-winner-595,,,
2026-05-28T16:59:03.535137+00:00,FIFA World Cup 2026,2026 FIFA World Cup Winner ,winner,Scotland - No,0.9975,1.0,28130155.772120833,335933.0629770002,8855025.09097,0.001,2026-07-20T00:00:00Z,,https://polymarket.com/event/2026-fifa-world-cup-winner-595,,,
2026-05-28T16:59:03.535137+00:00,FIFA World Cup 2026,2026 FIFA World Cup Winner ,winner,Peru - Yes,0,,264589.508269,,,0.001,2026-07-20T00:00:00Z,,https://polymarket.com/event/2026-fifa-world-cup-winner-595,,,
2026-05-28T16:59:03.535137+00:00,FIFA World Cup 2026,2026 FIFA World Cup Winner ,winner,Peru - No,1,1.0,264589.508269,,,0.001,2026-07-20T00:00:00Z,,https://polymarket.com/event/2026-fifa-world-cup-winner-595,,,
2026-05-28T16:59:03.535137+00:00,FIFA World Cup 2026,2026 FIFA World Cup Winner ,winner,Japan - Yes,0.0185,54.05,27107922.248945206,208385.1731839998,544366.40608,0.001,2026-07-20T00:00:00Z,,https://polymarket.com/event/2026-fifa-world-cup-winner-595,,,
2026-05-28T16:59:03.535137+00:00,FIFA World Cup 2026,2026 FIFA World Cup Winner ,winner,Japan - No,0.9815,1.02,27107922.248945206,208385.1731839998,544366.40608,0.001,2026-07-20T00:00:00Z,,https://polymarket.com/event/2026-fifa-world-cup-winner-595,,,
2026-05-28T16:59:03.535137+00:00,FIFA World Cup 2026,2026 FIFA World Cup Winner ,winner,Norway - Yes,0.0295,33.9,25519713.90248255,515341.831454,971031.07829,0.001,2026-07-20T00:00:00Z,,https://polymarket.com/event/2026-fifa-world-cup-winner-595,,,
2026-05-28T16:59:03.535137+00:00,FIFA World Cup 2026,2026 FIFA World Cup Winner ,winner,Norway - No,0.9705,1.03,25519713.90248255,515341.831454,971031.07829,0.001,2026-07-20T00:00:00Z,,https://polymarket.com/event/2026-fifa-world-cup-winner-595,,,
2026-05-28T16:59:03.535137+00:00,FIFA World Cup 2026,2026 FIFA World Cup Winner ,winner,Any Other Team - Yes,,,0,0,0,1,2026-07-20T00:00:00Z,,https://polymarket.com/event/2026-fifa-world-cup-winner-595,,,
2026-05-28T16:59:03.535137+00:00,FIFA World Cup 2026,2026 FIFA World Cup Winner ,winner,Any Other Team - No,,,0,0,0,1,2026-07-20T00:00:00Z,,https://polymarket.com/event/2026-fifa-world-cup-winner-595,,,
2026-05-28T16:59:03.535137+00:00,FIFA World Cup 2026,2026 FIFA World Cup Winner ,winner,Team AG - Yes,,,0,0,0,1,2026-07-20T00:00:00Z,,https://polymarket.com/event/2026-fifa-world-cup-winner-595,,,
2026-05-28T16:59:03.535137+00:00,FIFA World Cup 2026,2026 FIFA World Cup Winner ,winner,Team AG - No,,,0,0,0,1,2026-07-20T00:00:00Z,,https://polymarket.com/event/2026-fifa-world-cup-winner-595,,,
2026-05-28T16:59:03.535137+00:00,FIFA World Cup 2026,2026 FIFA World Cup Winner ,winner,Tunisia - Yes,0.0015,666.67,27292337.056685966,157609.38599999997,10370520.56072,0.001,2026-07-20T00:00:00Z,,https://polymarket.com/event/2026-fifa-world-cup-winner-595,,,
2026-05-28T16:59:03.535137+00:00,FIFA World Cup 2026,2026 FIFA World Cup Winner ,winner,Tunisia - No,0.9985,1.0,27292337.056685966,157609.38599999997,10370520.56072,0.001,2026-07-20T00:00:00Z,,https://polymarket.com/event/2026-fifa-world-cup-winner-595,,,
2026-05-28T16:59:03.535137+00:00,FIFA World Cup 2026,2026 FIFA World Cup Winner ,winner,Team AH - Yes,,,0,0,0,1,2026-07-20T00:00:00Z,,https://polymarket.com/event/2026-fifa-world-cup-winner-595,,,
2026-05-28T16:59:03.535137+00:00,FIFA World Cup 2026,2026 FIFA World Cup Winner ,winner,Team AH - No,,,0,0,0,1,2026-07-20T00:00:00Z,,https://polymarket.com/event/2026-fifa-world-cup-winner-595,,,
2026-05-28T16:59:03.535137+00:00,FIFA World Cup 2026,2026 FIFA World Cup Winner ,winner,Ecuador - Yes,0.0085,117.65,28584212.468799826,1004065.9783,4317007.84198,0.001,2026-07-20T00:00:00Z,,https://polymarket.com/event/2026-fifa-world-cup-winner-595,,,
2026-05-28T16:59:03.535137+00:00,FIFA World Cup 2026,2026 FIFA World Cup Winner ,winner,Ecuador - No,0.9915,1.01,28584212.468799826,1004065.9783,4317007.84198,0.001,2026-07-20T00:00:00Z,,https://polymarket.com/event/2026-fifa-world-cup-winner-595,,,
2026-05-28T16:59:03.535137+00:00,FIFA World Cup 2026,2026 FIFA World Cup Winner ,winner,Uzbekistan - Yes,0.0005,2000.0,45654351.44141759,113242,8093187.30525,0.001,2026-07-20T00:00:00Z,,https://polymarket.com/event/2026-fifa-world-cup-winner-595,,,
2026-05-28T16:59:03.535137+00:00,FIFA World Cup 2026,2026 FIFA World Cup Winner ,winner,Uzbekistan - No,0.9995,1.0,45654351.44141759,113242,8093187.30525,0.001,2026-07-20T00:00:00Z,,https://polymarket.com/event/2026-fifa-world-cup-winner-595,,,
2026-05-28T16:59:03.535137+00:00,FIFA World Cup 2026,2026 FIFA World Cup Winner ,winner,Morocco - Yes,0.0145,68.97,26938568.684657905,471305.3840830006,2574349.22001,0.001,2026-07-20T00:00:00Z,,https://polymarket.com/event/2026-fifa-world-cup-winner-595,,,
2026-05-28T16:59:03.535137+00:00,FIFA World Cup 2026,2026 FIFA World Cup Winner ,winner,Morocco - No,0.9855,1.01,26938568.684657905,471305.3840830006,2574349.22001,0.001,2026-07-20T00:00:00Z,,https://polymarket.com/event/2026-fifa-world-cup-winner-595,,,
2026-05-28T16:59:03.535137+00:00,FIFA World Cup 2026,2026 FIFA World Cup Winner ,winner,Panama - Yes,0.0005,2000.0,17424076.46575688,1204.09,10660892.2477,0.001,2026-07-20T00:00:00Z,,https://polymarket.com/event/2026-fifa-world-cup-winner-595,,,
2026-05-28T16:59:03.535137+00:00,FIFA World Cup 2026,2026 FIFA World Cup Winner ,winner,Panama - No,0.9995,1.0,17424076.46575688,1204.09,10660892.2477,0.001,2026-07-20T00:00:00Z,,https://polymarket.com/event/2026-fifa-world-cup-winner-595,,,
2026-05-28T16:59:03.535137+00:00,FIFA World Cup 2026,2026 FIFA World Cup Winner ,winner,Iraq - Yes,0.0005,2000.0,16409405.148710929,55856.05,10607820.03182,0.001,2026-07-20T00:00:00Z,,https://polymarket.com/event/2026-fifa-world-cup-winner-595,,,
2026-05-28T16:59:03.535137+00:00,FIFA World Cup 2026,2026 FIFA World Cup Winner ,winner,Iraq - No,0.9995,1.0,16409405.148710929,55856.05,10607820.03182,0.001,2026-07-20T00:00:00Z,,https://polymarket.com/event/2026-fifa-world-cup-winner-595,,,
2026-05-28T16:59:03.535137+00:00,FIFA World Cup 2026,2026 FIFA World Cup Winner ,winner,South Africa - Yes,0.0005,2000.0,31368080.44789426,77572.28,9164794.63241,0.001,2026-07-20T00:00:00Z,,https://polymarket.com/event/2026-fifa-world-cup-winner-595,,,
2026-05-28T16:59:03.535137+00:00,FIFA World Cup 2026,2026 FIFA World Cup Winner ,winner,South Africa - No,0.9995,1.0,31368080.44789426,77572.28,9164794.63241,0.001,2026-07-20T00:00:00Z,,https://polymarket.com/event/2026-fifa-world-cup-winner-595,,,
2026-05-28T16:59:03.535137+00:00,FIFA World Cup 2026,2026 FIFA World Cup Winner ,winner,Senegal - Yes,0.0065,153.85,23752745.006795827,448948.9326559999,5296621.597,0.001,2026-07-20T00:00:00Z,,https://polymarket.com/event/2026-fifa-world-cup-winner-595,,,
2026-05-28T16:59:03.535137+00:00,FIFA World Cup 2026,2026 FIFA World Cup Winner ,winner,Senegal - No,0.9935,1.01,23752745.006795827,448948.9326559999,5296621.597,0.001,2026-07-20T00:00:00Z,,https://polymarket.com/event/2026-fifa-world-cup-winner-595,,,
2026-05-28T16:59:03.535137+00:00,FIFA World Cup 2026,2026 FIFA World Cup Winner ,winner,Ivory Coast - Yes,0.0025,400.0,31288098.472116366,528197.570158,4640491.30836,0.001,2026-07-20T00:00:00Z,,https://polymarket.com/event/2026-fifa-world-cup-winner-595,,,
2026-05-28T16:59:03.535137+00:00,FIFA World Cup 2026,2026 FIFA World Cup Winner ,winner,Ivory Coast - No,0.9975,1.0,31288098.472116366,528197.570158,4640491.30836,0.001,2026-07-20T00:00:00Z,,https://polymarket.com/event/2026-fifa-world-cup-winner-595,,,
2026-05-28T16:59:03.535137+00:00,FIFA World Cup 2026,2026 FIFA World Cup Winner ,winner,Congo DR - Yes,0.0005,2000.0,23266973.71078797,60006.87,4646462.82697,0.001,2026-07-20T00:00:00Z,,https://polymarket.com/event/2026-fifa-world-cup-winner-595,,,
2026-05-28T16:59:03.535137+00:00,FIFA World Cup 2026,2026 FIFA World Cup Winner ,winner,Congo DR - No,0.9995,1.0,23266973.71078797,60006.87,4646462.82697,0.001,2026-07-20T00:00:00Z,,https://polymarket.com/event/2026-fifa-world-cup-winner-595,,,
2026-05-28T16:59:03.535137+00:00,FIFA World Cup 2026,2026 FIFA World Cup Winner ,winner,Cape Verde - Yes,0.0005,2000.0,27409968.33516404,195.18,10363892.03064,0.001,2026-07-20T00:00:00Z,,https://polymarket.com/event/2026-fifa-world-cup-winner-595,,,
2026-05-28T16:59:03.535137+00:00,FIFA World Cup 2026,2026 FIFA World Cup Winner ,winner,Cape Verde - No,0.9995,1.0,27409968.33516404,195.18,10363892.03064,0.001,2026-07-20T00:00:00Z,,https://polymarket.com/event/2026-fifa-world-cup-winner-595,,,
2026-05-28T16:59:03.535137+00:00,FIFA World Cup 2026,2026 FIFA World Cup Winner ,winner,Czechia - Yes,0.0025,400.0,11843340.542409385,166826.84383199984,8162505.67857,0.001,2026-07-20T00:00:00Z,,https://polymarket.com/event/2026-fifa-world-cup-winner-595,,,
2026-05-28T16:59:03.535137+00:00,FIFA World Cup 2026,2026 FIFA World Cup Winner ,winner,Czechia - No,0.9975,1.0,11843340.542409385,166826.84383199984,8162505.67857,0.001,2026-07-20T00:00:00Z,,https://polymarket.com/event/2026-fifa-world-cup-winner-595,,,
2026-05-28T16:59:03.535137+00:00,FIFA World Cup 2026,2026 FIFA World Cup Winner ,winner,Qatar - Yes,0.0005,2000.0,29158782.34633185,74246.09,10351741.96033,0.001,2026-07-20T00:00:00Z,,https://polymarket.com/event/2026-fifa-world-cup-winner-595,,,
2026-05-28T16:59:03.535137+00:00,FIFA World Cup 2026,2026 FIFA World Cup Winner ,winner,Qatar - No,0.9995,1.0,29158782.34633185,74246.09,10351741.96033,0.001,2026-07-20T00:00:00Z,,https://polymarket.com/event/2026-fifa-world-cup-winner-595,,,
2026-05-28T16:59:03.535137+00:00,FIFA World Cup 2026,2026 FIFA World Cup Winner ,winner,Belgium - Yes,0.0175,57.14,20891625.930081345,249476.78913699993,3849840.81688,0.001,2026-07-20T00:00:00Z,,https://polymarket.com/event/2026-fifa-world-cup-winner-595,,,
2026-05-28T16:59:03.535137+00:00,FIFA World Cup 2026,2026 FIFA World Cup Winner ,winner,Belgium - No,0.9825,1.02,20891625.930081345,249476.78913699993,3849840.81688,0.001,2026-07-20T00:00:00Z,,https://polymarket.com/event/2026-fifa-world-cup-winner-595,,,
2026-05-28T16:59:03.535137+00:00,FIFA World Cup 2026,2026 FIFA World Cup Winner ,winner,Australia - Yes,0.0015,666.67,28617775.51656779,132840.24100000004,9194757.58627,0.001,2026-07-20T00:00:00Z,,https://polymarket.com/event/2026-fifa-world-cup-winner-595,,,
2026-05-28T16:59:03.535137+00:00,FIFA World Cup 2026,2026 FIFA World Cup Winner ,winner,Australia - No,0.9985,1.0,28617775.51656779,132840.24100000004,9194757.58627,0.001,2026-07-20T00:00:00Z,,https://polymarket.com/event/2026-fifa-world-cup-winner-595,,,
2026-05-28T16:59:03.535137+00:00,FIFA World Cup 2026,2026 FIFA World Cup Winner ,winner,Saudi Arabia - Yes,0.0005,2000.0,32193627.343883723,98105.09,9439882.63815,0.001,2026-07-20T00:00:00Z,,https://polymarket.com/event/2026-fifa-world-cup-winner-595,,,
2026-05-28T16:59:03.535137+00:00,FIFA World Cup 2026,2026 FIFA World Cup Winner ,winner,Saudi Arabia - No,0.9995,1.0,32193627.343883723,98105.09,9439882.63815,0.001,2026-07-20T00:00:00Z,,https://polymarket.com/event/2026-fifa-world-cup-winner-595,,,
2026-05-28T16:59:03.535137+00:00,FIFA World Cup 2026,2026 FIFA World Cup Winner ,winner,Team AL - Yes,,,0,0,0,1,2026-07-20T00:00:00Z,,https://polymarket.com/event/2026-fifa-world-cup-winner-595,,,
2026-05-28T16:59:03.535137+00:00,FIFA World Cup 2026,2026 FIFA World Cup Winner ,winner,Team AL - No,,,0,0,0,1,2026-07-20T00:00:00Z,,https://polymarket.com/event/2026-fifa-world-cup-winner-595,,,
2026-05-28T16:59:03.535137+00:00,FIFA World Cup 2026,2026 FIFA World Cup Winner ,winner,Austria - Yes,0.0055,181.82,28629311.394888125,319882.676254,3153243.93391,0.001,2026-07-20T00:00:00Z,,https://polymarket.com/event/2026-fifa-world-cup-winner-595,,,
2026-05-28T16:59:03.535137+00:00,FIFA World Cup 2026,2026 FIFA World Cup Winner ,winner,Austria - No,0.9945,1.01,28629311.394888125,319882.676254,3153243.93391,0.001,2026-07-20T00:00:00Z,,https://polymarket.com/event/2026-fifa-world-cup-winner-595,,,
2026-05-28T16:59:03.535137+00:00,FIFA World Cup 2026,2026 FIFA World Cup Winner ,winner,Croatia - Yes,0.0085,117.65,28451899.708621915,1501880.927539,2512635.59665,0.001,2026-07-20T00:00:00Z,,https://polymarket.com/event/2026-fifa-world-cup-winner-595,,,
2026-05-28T16:59:03.535137+00:00,FIFA World Cup 2026,2026 FIFA World Cup Winner ,winner,Croatia - No,0.9915,1.01,28451899.708621915,1501880.927539,2512635.59665,0.001,2026-07-20T00:00:00Z,,https://polymarket.com/event/2026-fifa-world-cup-winner-595,,,
2026-05-28T16:59:03.535137+00:00,FIFA World Cup 2026,2026 FIFA World Cup Winner ,winner,Team AN - Yes,,,0,0,0,1,2026-07-20T00:00:00Z,,https://polymarket.com/event/2026-fifa-world-cup-winner-595,,,
2026-05-28T16:59:03.535137+00:00,FIFA World Cup 2026,2026 FIFA World Cup Winner ,winner,Team AN - No,,,0,0,0,1,2026-07-20T00:00:00Z,,https://polymarket.com/event/2026-fifa-world-cup-winner-595,,,
2026-05-28T16:59:03.535137+00:00,FIFA World Cup 2026,2026 FIFA World Cup Winner ,winner,Egypt - Yes,0.0025,400.0,29431795.074163992,257997.48415899996,8100688.02712,0.001,2026-07-20T00:00:00Z,,https://polymarket.com/event/2026-fifa-world-cup-winner-595,,,
2026-05-28T16:59:03.535137+00:00,FIFA World Cup 2026,2026 FIFA World Cup Winner ,winner,Egypt - No,0.9975,1.0,29431795.074163992,257997.48415899996,8100688.02712,0.001,2026-07-20T00:00:00Z,,https://polymarket.com/event/2026-fifa-world-cup-winner-595,,,
2026-05-28T16:59:03.535137+00:00,FIFA World Cup 2026,2026 FIFA World Cup Winner ,winner,Sweden - Yes,0.0055,181.82,15286179.869827956,186658.29192499997,8134291.67412,0.001,2026-07-20T00:00:00Z,,https://polymarket.com/event/2026-fifa-world-cup-winner-595,,,
2026-05-28T16:59:03.535137+00:00,FIFA World Cup 2026,2026 FIFA World Cup Winner ,winner,Sweden - No,0.9945,1.01,15286179.869827956,186658.29192499997,8134291.67412,0.001,2026-07-20T00:00:00Z,,https://polymarket.com/event/2026-fifa-world-cup-winner-595,,,
2026-05-28T16:59:03.535137+00:00,FIFA World Cup 2026,2026 FIFA World Cup Winner ,winner,Team AJ - Yes,,,0,0,0,1,2026-07-20T00:00:00Z,,https://polymarket.com/event/2026-fifa-world-cup-winner-595,,,
2026-05-28T16:59:03.535137+00:00,FIFA World Cup 2026,2026 FIFA World Cup Winner ,winner,Team AJ - No,,,0,0,0,1,2026-07-20T00:00:00Z,,https://polymarket.com/event/2026-fifa-world-cup-winner-595,,,
2026-05-28T16:59:03.535137+00:00,FIFA World Cup 2026,2026 FIFA World Cup Winner ,winner,Team AK - Yes,,,0,0,0,1,2026-07-20T00:00:00Z,,https://polymarket.com/event/2026-fifa-world-cup-winner-595,,,
2026-05-28T16:59:03.535137+00:00,FIFA World Cup 2026,2026 FIFA World Cup Winner ,winner,Team AK - No,,,0,0,0,1,2026-07-20T00:00:00Z,,https://polymarket.com/event/2026-fifa-world-cup-winner-595,,,
2026-05-28T16:59:03.535137+00:00,FIFA World Cup 2026,2026 FIFA World Cup Winner ,winner,Team AO - Yes,,,0,0,0,1,2026-07-20T00:00:00Z,,https://polymarket.com/event/2026-fifa-world-cup-winner-595,,,
2026-05-28T16:59:03.535137+00:00,FIFA World Cup 2026,2026 FIFA World Cup Winner ,winner,Team AO - No,,,0,0,0,1,2026-07-20T00:00:00Z,,https://polymarket.com/event/2026-fifa-world-cup-winner-595,,,
2026-05-28T16:59:03.535137+00:00,FIFA World Cup 2026,Which continent will win the 2026 Fifa World Cup?,continent_winner,North America - Yes,0.0235,42.55,309304.2520920001,7200.369515000002,60515.0856,0.001,,,https://polymarket.com/event/which-continent-will-win-the-2026-fifa-world-cup,,,
2026-05-28T16:59:03.535137+00:00,FIFA World Cup 2026,Which continent will win the 2026 Fifa World Cup?,continent_winner,North America - No,0.9765,1.02,309304.2520920001,7200.369515000002,60515.0856,0.001,,,https://polymarket.com/event/which-continent-will-win-the-2026-fifa-world-cup,,,
2026-05-28T16:59:03.535137+00:00,FIFA World Cup 2026,Which continent will win the 2026 Fifa World Cup?,continent_winner,Asia - Yes,0.0275,36.36,358546.5536940003,7687.824759000002,62516.18761,0.001,,,https://polymarket.com/event/which-continent-will-win-the-2026-fifa-world-cup,,,
2026-05-28T16:59:03.535137+00:00,FIFA World Cup 2026,Which continent will win the 2026 Fifa World Cup?,continent_winner,Asia - No,0.9725,1.03,358546.5536940003,7687.824759000002,62516.18761,0.001,,,https://polymarket.com/event/which-continent-will-win-the-2026-fifa-world-cup,,,
2026-05-28T16:59:03.535137+00:00,FIFA World Cup 2026,Which continent will win the 2026 Fifa World Cup?,continent_winner,Oceania - Yes,0.0015,666.67,427499.867244002,7530.239500000003,58366.62809,0.001,,,https://polymarket.com/event/which-continent-will-win-the-2026-fifa-world-cup,,,
2026-05-28T16:59:03.535137+00:00,FIFA World Cup 2026,Which continent will win the 2026 Fifa World Cup?,continent_winner,Oceania - No,0.9985,1.0,427499.867244002,7530.239500000003,58366.62809,0.001,,,https://polymarket.com/event/which-continent-will-win-the-2026-fifa-world-cup,,,
2026-05-28T16:59:03.535137+00:00,FIFA World Cup 2026,Which continent will win the 2026 Fifa World Cup?,continent_winner,Europe - Yes,0.705,1.42,190924.40590999933,8055.418630000002,62216.819,0.01,,,https://polymarket.com/event/which-continent-will-win-the-2026-fifa-world-cup,,,
2026-05-28T16:59:03.535137+00:00,FIFA World Cup 2026,Which continent will win the 2026 Fifa World Cup?,continent_winner,Europe - No,0.295,3.39,190924.40590999933,8055.418630000002,62216.819,0.01,,,https://polymarket.com/event/which-continent-will-win-the-2026-fifa-world-cup,,,
2026-05-28T16:59:03.535137+00:00,FIFA World Cup 2026,Which continent will win the 2026 Fifa World Cup?,continent_winner,Other - Yes,,,0,0,0,1,,,https://polymarket.com/event/which-continent-will-win-the-2026-fifa-world-cup,,,
2026-05-28T16:59:03.535137+00:00,FIFA World Cup 2026,Which continent will win the 2026 Fifa World Cup?,continent_winner,Other - No,,,0,0,0,1,,,https://polymarket.com/event/which-continent-will-win-the-2026-fifa-world-cup,,,
2026-05-28T16:59:03.535137+00:00,FIFA World Cup 2026,Which continent will win the 2026 Fifa World Cup?,continent_winner,Africa - Yes,0.0325,30.77,1072285.4501609998,7247.955188000002,75630.37658,0.001,,,https://polymarket.com/event/which-continent-will-win-the-2026-fifa-world-cup,,,
2026-05-28T16:59:03.535137+00:00,FIFA World Cup 2026,Which continent will win the 2026 Fifa World Cup?,continent_winner,Africa - No,0.9675,1.03,1072285.4501609998,7247.955188000002,75630.37658,0.001,,,https://polymarket.com/event/which-continent-will-win-the-2026-fifa-world-cup,,,
2026-05-28T16:59:03.535137+00:00,FIFA World Cup 2026,Which continent will win the 2026 Fifa World Cup?,continent_winner,South America - Yes,0.225,4.44,259847.39091300042,10117.200729000002,43501.7877,0.01,,,https://polymarket.com/event/which-continent-will-win-the-2026-fifa-world-cup,,,
2026-05-28T16:59:03.535137+00:00,FIFA World Cup 2026,Which continent will win the 2026 Fifa World Cup?,continent_winner,South America - No,0.775,1.29,259847.39091300042,10117.200729000002,43501.7877,0.01,,,https://polymarket.com/event/which-continent-will-win-the-2026-fifa-world-cup,,,
2026-05-28T16:59:03.535137+00:00,FIFA World Cup 2026,Will Neymar play in the 2026 FIFA World Cup?,player_prop,Neymar plays - Yes,0.775,1.29,2477868.066808014,114615.314688,38027.2463,0.01,2026-07-19T00:00:00Z,,https://polymarket.com/event/will-neymar-play-in-the-2026-fifa-world-cup-for-brazil,,,
2026-05-28T16:59:03.535137+00:00,FIFA World Cup 2026,Will Neymar play in the 2026 FIFA World Cup?,player_prop,Neymar plays - No,0.225,4.44,2477868.066808014,114615.314688,38027.2463,0.01,2026-07-19T00:00:00Z,,https://polymarket.com/event/will-neymar-play-in-the-2026-fifa-world-cup-for-brazil,,,
2026-05-28T16:59:03.535137+00:00,FIFA World Cup 2026,2026 FIFA World Cup: Top Goalscorer,top_goalscorer,Lionel Messi be the top goalscorer at the 2026 FIFA World Cup? - Yes,0.0615,16.26,8887.327698000003,1371.374505,48965.9373,0.001,2026-07-20T00:00:00Z,,https://polymarket.com/event/2026-fifa-world-cup-top-goalscorer,,,
2026-05-28T16:59:03.535137+00:00,FIFA World Cup 2026,2026 FIFA World Cup: Top Goalscorer,top_goalscorer,Lionel Messi be the top goalscorer at the 2026 FIFA World Cup? - No,0.9385,1.07,8887.327698000003,1371.374505,48965.9373,0.001,2026-07-20T00:00:00Z,,https://polymarket.com/event/2026-fifa-world-cup-top-goalscorer,,,
2026-05-28T16:59:03.535137+00:00,FIFA World Cup 2026,2026 FIFA World Cup: Top Goalscorer,top_goalscorer,Cristiano Ronaldo be the top goalscorer at the 2026 FIFA World Cup? - Yes,0.0475,21.05,20519.875367999994,33.980000000000004,47445.59549,0.005,2026-07-20T00:00:00Z,,https://polymarket.com/event/2026-fifa-world-cup-top-goalscorer,,,
2026-05-28T16:59:03.535137+00:00,FIFA World Cup 2026,2026 FIFA World Cup: Top Goalscorer,top_goalscorer,Cristiano Ronaldo be the top goalscorer at the 2026 FIFA World Cup? - No,0.9525,1.05,20519.875367999994,33.980000000000004,47445.59549,0.005,2026-07-20T00:00:00Z,,https://polymarket.com/event/2026-fifa-world-cup-top-goalscorer,,,
2026-05-28T16:59:03.535137+00:00,FIFA World Cup 2026,2026 FIFA World Cup: Top Goalscorer,top_goalscorer,Jude Bellingham be the top goalscorer at the 2026 FIFA World Cup? - Yes,0.0095,105.26,670.4932339999999,34,24684.85271,0.001,2026-07-20T00:00:00Z,,https://polymarket.com/event/2026-fifa-world-cup-top-goalscorer,,,
2026-05-28T16:59:03.535137+00:00,FIFA World Cup 2026,2026 FIFA World Cup: Top Goalscorer,top_goalscorer,Jude Bellingham be the top goalscorer at the 2026 FIFA World Cup? - No,0.9905,1.01,670.4932339999999,34,24684.85271,0.001,2026-07-20T00:00:00Z,,https://polymarket.com/event/2026-fifa-world-cup-top-goalscorer,,,
2026-05-28T16:59:03.535137+00:00,FIFA World Cup 2026,2026 FIFA World Cup: Top Goalscorer,top_goalscorer,Raphinha be the top goalscorer at the 2026 FIFA World Cup? - Yes,0.037,27.03,14982.755799000002,282.99375,32832.48827,0.002,2026-07-20T00:00:00Z,,https://polymarket.com/event/2026-fifa-world-cup-top-goalscorer,,,
2026-05-28T16:59:03.535137+00:00,FIFA World Cup 2026,2026 FIFA World Cup: Top Goalscorer,top_goalscorer,Raphinha be the top goalscorer at the 2026 FIFA World Cup? - No,0.963,1.04,14982.755799000002,282.99375,32832.48827,0.002,2026-07-20T00:00:00Z,,https://polymarket.com/event/2026-fifa-world-cup-top-goalscorer,,,
2026-05-28T16:59:03.535137+00:00,FIFA World Cup 2026,2026 FIFA World Cup: Top Goalscorer,top_goalscorer,Noah Okafor be the top goalscorer at the 2026 FIFA World Cup? - Yes,0.0055,181.82,939.3338329999999,367.333333,14795.48991,0.007,2026-07-20T00:00:00Z,,https://polymarket.com/event/2026-fifa-world-cup-top-goalscorer,,,
2026-05-28T16:59:03.535137+00:00,FIFA World Cup 2026,2026 FIFA World Cup: Top Goalscorer,top_goalscorer,Noah Okafor be the top goalscorer at the 2026 FIFA World Cup? - No,0.9945,1.01,939.3338329999999,367.333333,14795.48991,0.007,2026-07-20T00:00:00Z,,https://polymarket.com/event/2026-fifa-world-cup-top-goalscorer,,,
2026-05-28T16:59:03.535137+00:00,FIFA World Cup 2026,2026 FIFA World Cup: Top Goalscorer,top_goalscorer,Scott McTominay be the top goalscorer at the 2026 FIFA World Cup? - Yes,0.007,142.86,1386.1486330000002,557.16,18793.1339,0.004,2026-07-20T00:00:00Z,,https://polymarket.com/event/2026-fifa-world-cup-top-goalscorer,,,
2026-05-28T16:59:03.535137+00:00,FIFA World Cup 2026,2026 FIFA World Cup: Top Goalscorer,top_goalscorer,Scott McTominay be the top goalscorer at the 2026 FIFA World Cup? - No,0.993,1.01,1386.1486330000002,557.16,18793.1339,0.004,2026-07-20T00:00:00Z,,https://polymarket.com/event/2026-fifa-world-cup-top-goalscorer,,,
2026-05-28T16:59:03.535137+00:00,FIFA World Cup 2026,2026 FIFA World Cup: Top Goalscorer,top_goalscorer,Rodrygo be the top goalscorer at the 2026 FIFA World Cup? - Yes,0.006,166.67,19447.48672,3798.888887,15539.15313,0.008,2026-07-20T00:00:00Z,,https://polymarket.com/event/2026-fifa-world-cup-top-goalscorer,,,
2026-05-28T16:59:03.535137+00:00,FIFA World Cup 2026,2026 FIFA World Cup: Top Goalscorer,top_goalscorer,Rodrygo be the top goalscorer at the 2026 FIFA World Cup? - No,0.994,1.01,19447.48672,3798.888887,15539.15313,0.008,2026-07-20T00:00:00Z,,https://polymarket.com/event/2026-fifa-world-cup-top-goalscorer,,,
2026-05-28T16:59:03.535137+00:00,FIFA World Cup 2026,2026 FIFA World Cup: Top Goalscorer,top_goalscorer,Deniz Undav be the top goalscorer at the 2026 FIFA World Cup? - Yes,0.019,52.63,2531.711225,539.476546,27104.47631,0.002,2026-07-20T00:00:00Z,,https://polymarket.com/event/2026-fifa-world-cup-top-goalscorer,,,
2026-05-28T16:59:03.535137+00:00,FIFA World Cup 2026,2026 FIFA World Cup: Top Goalscorer,top_goalscorer,Deniz Undav be the top goalscorer at the 2026 FIFA World Cup? - No,0.981,1.02,2531.711225,539.476546,27104.47631,0.002,2026-07-20T00:00:00Z,,https://polymarket.com/event/2026-fifa-world-cup-top-goalscorer,,,
2026-05-28T16:59:03.535137+00:00,FIFA World Cup 2026,2026 FIFA World Cup: Top Goalscorer,top_goalscorer,Amad Diallo be the top goalscorer at the 2026 FIFA World Cup? - Yes,0.001,1000.0,300.547,,16029.22578,0.002,2026-07-20T00:00:00Z,,https://polymarket.com/event/2026-fifa-world-cup-top-goalscorer,,,
2026-05-28T16:59:03.535137+00:00,FIFA World Cup 2026,2026 FIFA World Cup: Top Goalscorer,top_goalscorer,Amad Diallo be the top goalscorer at the 2026 FIFA World Cup? - No,0.999,1.0,300.547,,16029.22578,0.002,2026-07-20T00:00:00Z,,https://polymarket.com/event/2026-fifa-world-cup-top-goalscorer,,,
2026-05-28T16:59:03.535137+00:00,FIFA World Cup 2026,2026 FIFA World Cup: Top Goalscorer,top_goalscorer,Depay Memphis be the top goalscorer at the 2026 FIFA World Cup? - Yes,0.019,52.63,4193.745477,1224.476189,17975.07104,0.004,2026-07-20T00:00:00Z,,https://polymarket.com/event/2026-fifa-world-cup-top-goalscorer,,,
2026-05-28T16:59:03.535137+00:00,FIFA World Cup 2026,2026 FIFA World Cup: Top Goalscorer,top_goalscorer,Depay Memphis be the top goalscorer at the 2026 FIFA World Cup? - No,0.981,1.02,4193.745477,1224.476189,17975.07104,0.004,2026-07-20T00:00:00Z,,https://polymarket.com/event/2026-fifa-world-cup-top-goalscorer,,,
2026-05-28T16:59:03.535137+00:00,FIFA World Cup 2026,2026 FIFA World Cup: Top Goalscorer,top_goalscorer,Erling Haaland be the top goalscorer at the 2026 FIFA World Cup? - Yes,0.075,13.33,13554.457877999997,1186.92285,30588.1881,0.01,2026-07-20T00:00:00Z,,https://polymarket.com/event/2026-fifa-world-cup-top-goalscorer,,,
2026-05-28T16:59:03.535137+00:00,FIFA World Cup 2026,2026 FIFA World Cup: Top Goalscorer,top_goalscorer,Erling Haaland be the top goalscorer at the 2026 FIFA World Cup? - No,0.925,1.08,13554.457877999997,1186.92285,30588.1881,0.01,2026-07-20T00:00:00Z,,https://polymarket.com/event/2026-fifa-world-cup-top-goalscorer,,,
2026-05-28T16:59:03.535137+00:00,FIFA World Cup 2026,2026 FIFA World Cup: Top Goalscorer,top_goalscorer,Kylian Mbappe be the top goalscorer at the 2026 FIFA World Cup? - Yes,0.145,6.9,41035.213933,1257.266654,44188.055,0.01,2026-07-20T00:00:00Z,,https://polymarket.com/event/2026-fifa-world-cup-top-goalscorer,,,
2026-05-28T16:59:03.535137+00:00,FIFA World Cup 2026,2026 FIFA World Cup: Top Goalscorer,top_goalscorer,Kylian Mbappe be the top goalscorer at the 2026 FIFA World Cup? - No,0.855,1.17,41035.213933,1257.266654,44188.055,0.01,2026-07-20T00:00:00Z,,https://polymarket.com/event/2026-fifa-world-cup-top-goalscorer,,,
2026-05-28T16:59:03.535137+00:00,FIFA World Cup 2026,2026 FIFA World Cup: Top Goalscorer,top_goalscorer,Lamine Yamal be the top goalscorer at the 2026 FIFA World Cup? - Yes,0.0545,18.35,16751.394105000003,202.03793,50825.53195,0.005,2026-07-20T00:00:00Z,,https://polymarket.com/event/2026-fifa-world-cup-top-goalscorer,,,
2026-05-28T16:59:03.535137+00:00,FIFA World Cup 2026,2026 FIFA World Cup: Top Goalscorer,top_goalscorer,Lamine Yamal be the top goalscorer at the 2026 FIFA World Cup? - No,0.9455,1.06,16751.394105000003,202.03793,50825.53195,0.005,2026-07-20T00:00:00Z,,https://polymarket.com/event/2026-fifa-world-cup-top-goalscorer,,,
2026-05-28T16:59:03.535137+00:00,FIFA World Cup 2026,2026 FIFA World Cup: Top Goalscorer,top_goalscorer,Heung-Min Son be the top goalscorer at the 2026 FIFA World Cup? - Yes,0.006,166.67,756.899,34,15156.4056,0.004,2026-07-20T00:00:00Z,,https://polymarket.com/event/2026-fifa-world-cup-top-goalscorer,,,
2026-05-28T16:59:03.535137+00:00,FIFA World Cup 2026,2026 FIFA World Cup: Top Goalscorer,top_goalscorer,Heung-Min Son be the top goalscorer at the 2026 FIFA World Cup? - No,0.994,1.01,756.899,34,15156.4056,0.004,2026-07-20T00:00:00Z,,https://polymarket.com/event/2026-fifa-world-cup-top-goalscorer,,,
2026-05-28T16:59:03.535137+00:00,FIFA World Cup 2026,2026 FIFA World Cup: Top Goalscorer,top_goalscorer,Edin Džeko be the top goalscorer at the 2026 FIFA World Cup? - Yes,0.003,333.33,832.723314,34,18394.01842,0.002,2026-07-20T00:00:00Z,,https://polymarket.com/event/2026-fifa-world-cup-top-goalscorer,,,
2026-05-28T16:59:03.535137+00:00,FIFA World Cup 2026,2026 FIFA World Cup: Top Goalscorer,top_goalscorer,Edin Džeko be the top goalscorer at the 2026 FIFA World Cup? - No,0.997,1.0,832.723314,34,18394.01842,0.002,2026-07-20T00:00:00Z,,https://polymarket.com/event/2026-fifa-world-cup-top-goalscorer,,,
2026-05-28T16:59:03.535137+00:00,FIFA World Cup 2026,2026 FIFA World Cup: Top Goalscorer,top_goalscorer,Vinicius Junior be the top goalscorer at the 2026 FIFA World Cup? - Yes,0.033,30.3,6047.157279000001,315.470585,30557.1762,0.004,2026-07-20T00:00:00Z,,https://polymarket.com/event/2026-fifa-world-cup-top-goalscorer,,,
2026-05-28T16:59:03.535137+00:00,FIFA World Cup 2026,2026 FIFA World Cup: Top Goalscorer,top_goalscorer,Vinicius Junior be the top goalscorer at the 2026 FIFA World Cup? - No,0.967,1.03,6047.157279000001,315.470585,30557.1762,0.004,2026-07-20T00:00:00Z,,https://polymarket.com/event/2026-fifa-world-cup-top-goalscorer,,,
2026-05-28T16:59:03.535137+00:00,FIFA World Cup 2026,2026 FIFA World Cup: Top Goalscorer,top_goalscorer,Igor Thiago be the top goalscorer at the 2026 FIFA World Cup? - Yes,0.016,62.5,2091.956739,815.37,31158.3944,0.014,2026-07-20T00:00:00Z,,https://polymarket.com/event/2026-fifa-world-cup-top-goalscorer,,,
2026-05-28T16:59:03.535137+00:00,FIFA World Cup 2026,2026 FIFA World Cup: Top Goalscorer,top_goalscorer,Igor Thiago be the top goalscorer at the 2026 FIFA World Cup? - No,0.984,1.02,2091.956739,815.37,31158.3944,0.014,2026-07-20T00:00:00Z,,https://polymarket.com/event/2026-fifa-world-cup-top-goalscorer,,,
2026-05-28T16:59:03.535137+00:00,FIFA World Cup 2026,2026 FIFA World Cup: Top Goalscorer,top_goalscorer,Serge Gnabry be the top goalscorer at the 2026 FIFA World Cup? - Yes,0.0015,666.67,15264.413435999999,434,21276.98931,0.001,2026-07-20T00:00:00Z,,https://polymarket.com/event/2026-fifa-world-cup-top-goalscorer,,,
2026-05-28T16:59:03.535137+00:00,FIFA World Cup 2026,2026 FIFA World Cup: Top Goalscorer,top_goalscorer,Serge Gnabry be the top goalscorer at the 2026 FIFA World Cup? - No,0.9985,1.0,15264.413435999999,434,21276.98931,0.001,2026-07-20T00:00:00Z,,https://polymarket.com/event/2026-fifa-world-cup-top-goalscorer,,,
2026-05-28T16:59:03.535137+00:00,FIFA World Cup 2026,2026 FIFA World Cup: Top Goalscorer,top_goalscorer,Viktor Gyökeres be the top goalscorer at the 2026 FIFA World Cup? - Yes,0.016,62.5,1524.4539670000001,34,32296.2848,0.006,2026-07-20T00:00:00Z,,https://polymarket.com/event/2026-fifa-world-cup-top-goalscorer,,,
2026-05-28T16:59:03.535137+00:00,FIFA World Cup 2026,2026 FIFA World Cup: Top Goalscorer,top_goalscorer,Viktor Gyökeres be the top goalscorer at the 2026 FIFA World Cup? - No,0.984,1.02,1524.4539670000001,34,32296.2848,0.006,2026-07-20T00:00:00Z,,https://polymarket.com/event/2026-fifa-world-cup-top-goalscorer,,,
2026-05-28T16:59:03.535137+00:00,FIFA World Cup 2026,2026 FIFA World Cup: Top Goalscorer,top_goalscorer,Cody Gakpo be the top goalscorer at the 2026 FIFA World Cup? - Yes,0.017,58.82,2304.678557,1016.608694,16482.11556,0.006,2026-07-20T00:00:00Z,,https://polymarket.com/event/2026-fifa-world-cup-top-goalscorer,,,
2026-05-28T16:59:03.535137+00:00,FIFA World Cup 2026,2026 FIFA World Cup: Top Goalscorer,top_goalscorer,Cody Gakpo be the top goalscorer at the 2026 FIFA World Cup? - No,0.983,1.02,2304.678557,1016.608694,16482.11556,0.006,2026-07-20T00:00:00Z,,https://polymarket.com/event/2026-fifa-world-cup-top-goalscorer,,,
2026-05-28T16:59:03.535137+00:00,FIFA World Cup 2026,2026 FIFA World Cup: Top Goalscorer,top_goalscorer,Ferran Torres be the top goalscorer at the 2026 FIFA World Cup? - Yes,0.0165,60.61,11877.016924,461.5,33673.60396,0.011,2026-07-20T00:00:00Z,,https://polymarket.com/event/2026-fifa-world-cup-top-goalscorer,,,
2026-05-28T16:59:03.535137+00:00,FIFA World Cup 2026,2026 FIFA World Cup: Top Goalscorer,top_goalscorer,Ferran Torres be the top goalscorer at the 2026 FIFA World Cup? - No,0.9835,1.02,11877.016924,461.5,33673.60396,0.011,2026-07-20T00:00:00Z,,https://polymarket.com/event/2026-fifa-world-cup-top-goalscorer,,,
2026-05-28T16:59:03.535137+00:00,FIFA World Cup 2026,2026 FIFA World Cup: Top Goalscorer,top_goalscorer,Marcus Thuram be the top goalscorer at the 2026 FIFA World Cup? - Yes,0.0115,86.96,1174.677947,34,24073.44656,0.009,2026-07-20T00:00:00Z,,https://polymarket.com/event/2026-fifa-world-cup-top-goalscorer,,,
2026-05-28T16:59:03.535137+00:00,FIFA World Cup 2026,2026 FIFA World Cup: Top Goalscorer,top_goalscorer,Marcus Thuram be the top goalscorer at the 2026 FIFA World Cup? - No,0.9885,1.01,1174.677947,34,24073.44656,0.009,2026-07-20T00:00:00Z,,https://polymarket.com/event/2026-fifa-world-cup-top-goalscorer,,,
2026-05-28T16:59:03.535137+00:00,FIFA World Cup 2026,2026 FIFA World Cup: Top Goalscorer,top_goalscorer,Ousmane Dembele be the top goalscorer at the 2026 FIFA World Cup? - Yes,0.0405,24.69,7420.022288000002,14,31780.40279,0.001,2026-07-20T00:00:00Z,,https://polymarket.com/event/2026-fifa-world-cup-top-goalscorer,,,
2026-05-28T16:59:03.535137+00:00,FIFA World Cup 2026,2026 FIFA World Cup: Top Goalscorer,top_goalscorer,Ousmane Dembele be the top goalscorer at the 2026 FIFA World Cup? - No,0.9595,1.04,7420.022288000002,14,31780.40279,0.001,2026-07-20T00:00:00Z,,https://polymarket.com/event/2026-fifa-world-cup-top-goalscorer,,,
2026-05-28T16:59:03.535137+00:00,FIFA World Cup 2026,2026 FIFA World Cup: Top Goalscorer,top_goalscorer,Michael Olise be the top goalscorer at the 2026 FIFA World Cup? - Yes,0.026,38.46,10927.864957000003,763.999997,27354.68238,0.008,2026-07-20T00:00:00Z,,https://polymarket.com/event/2026-fifa-world-cup-top-goalscorer,,,
2026-05-28T16:59:03.535137+00:00,FIFA World Cup 2026,2026 FIFA World Cup: Top Goalscorer,top_goalscorer,Michael Olise be the top goalscorer at the 2026 FIFA World Cup? - No,0.974,1.03,10927.864957000003,763.999997,27354.68238,0.008,2026-07-20T00:00:00Z,,https://polymarket.com/event/2026-fifa-world-cup-top-goalscorer,,,
2026-05-28T16:59:03.535137+00:00,FIFA World Cup 2026,2026 FIFA World Cup: Top Goalscorer,top_goalscorer,Luis Diaz be the top goalscorer at the 2026 FIFA World Cup? - Yes,0.0185,54.05,5053.157969999999,459.2,24248.48835,0.001,2026-07-20T00:00:00Z,,https://polymarket.com/event/2026-fifa-world-cup-top-goalscorer,,,
2026-05-28T16:59:03.535137+00:00,FIFA World Cup 2026,2026 FIFA World Cup: Top Goalscorer,top_goalscorer,Luis Diaz be the top goalscorer at the 2026 FIFA World Cup? - No,0.9815,1.02,5053.157969999999,459.2,24248.48835,0.001,2026-07-20T00:00:00Z,,https://polymarket.com/event/2026-fifa-world-cup-top-goalscorer,,,
2026-05-28T16:59:03.535137+00:00,FIFA World Cup 2026,2026 FIFA World Cup: Top Goalscorer,top_goalscorer,Ivan Perišić be the top goalscorer at the 2026 FIFA World Cup? - Yes,0.0055,181.82,407.417,34,14227.14993,0.009,2026-07-20T00:00:00Z,,https://polymarket.com/event/2026-fifa-world-cup-top-goalscorer,,,
2026-05-28T16:59:03.535137+00:00,FIFA World Cup 2026,2026 FIFA World Cup: Top Goalscorer,top_goalscorer,Ivan Perišić be the top goalscorer at the 2026 FIFA World Cup? - No,0.9945,1.01,407.417,34,14227.14993,0.009,2026-07-20T00:00:00Z,,https://polymarket.com/event/2026-fifa-world-cup-top-goalscorer,,,
2026-05-28T16:59:03.535137+00:00,FIFA World Cup 2026,2026 FIFA World Cup: Top Goalscorer,top_goalscorer,Andrej Kramarić be the top goalscorer at the 2026 FIFA World Cup? - Yes,0.006,166.67,534.096665,34,19225.04125,0.008,2026-07-20T00:00:00Z,,https://polymarket.com/event/2026-fifa-world-cup-top-goalscorer,,,
2026-05-28T16:59:03.535137+00:00,FIFA World Cup 2026,2026 FIFA World Cup: Top Goalscorer,top_goalscorer,Andrej Kramarić be the top goalscorer at the 2026 FIFA World Cup? - No,0.994,1.01,534.096665,34,19225.04125,0.008,2026-07-20T00:00:00Z,,https://polymarket.com/event/2026-fifa-world-cup-top-goalscorer,,,
2026-05-28T16:59:03.535137+00:00,FIFA World Cup 2026,2026 FIFA World Cup: Top Goalscorer,top_goalscorer,Mohamed Salah be the top goalscorer at the 2026 FIFA World Cup? - Yes,0.0035,285.71,588.317782,36.006,21134.06601,0.001,2026-07-20T00:00:00Z,,https://polymarket.com/event/2026-fifa-world-cup-top-goalscorer,,,
2026-05-28T16:59:03.535137+00:00,FIFA World Cup 2026,2026 FIFA World Cup: Top Goalscorer,top_goalscorer,Mohamed Salah be the top goalscorer at the 2026 FIFA World Cup? - No,0.9965,1.0,588.317782,36.006,21134.06601,0.001,2026-07-20T00:00:00Z,,https://polymarket.com/event/2026-fifa-world-cup-top-goalscorer,,,
2026-05-28T16:59:03.535137+00:00,FIFA World Cup 2026,2026 FIFA World Cup: Top Goalscorer,top_goalscorer,Dani Olmo be the top goalscorer at the 2026 FIFA World Cup? - Yes,0.0105,95.24,1365.0528960000001,34,23274.20965,0.007,2026-07-20T00:00:00Z,,https://polymarket.com/event/2026-fifa-world-cup-top-goalscorer,,,
2026-05-28T16:59:03.535137+00:00,FIFA World Cup 2026,2026 FIFA World Cup: Top Goalscorer,top_goalscorer,Dani Olmo be the top goalscorer at the 2026 FIFA World Cup? - No,0.9895,1.01,1365.0528960000001,34,23274.20965,0.007,2026-07-20T00:00:00Z,,https://polymarket.com/event/2026-fifa-world-cup-top-goalscorer,,,
2026-05-28T16:59:03.535137+00:00,FIFA World Cup 2026,2026 FIFA World Cup: Top Goalscorer,top_goalscorer,Desire Doue be the top goalscorer at the 2026 FIFA World Cup? - Yes,0.009,111.11,1316.5656960000001,34,18158.73685,0.008,2026-07-20T00:00:00Z,,https://polymarket.com/event/2026-fifa-world-cup-top-goalscorer,,,
2026-05-28T16:59:03.535137+00:00,FIFA World Cup 2026,2026 FIFA World Cup: Top Goalscorer,top_goalscorer,Desire Doue be the top goalscorer at the 2026 FIFA World Cup? - No,0.991,1.01,1316.5656960000001,34,18158.73685,0.008,2026-07-20T00:00:00Z,,https://polymarket.com/event/2026-fifa-world-cup-top-goalscorer,,,
2026-05-28T16:59:03.535137+00:00,FIFA World Cup 2026,2026 FIFA World Cup: Top Goalscorer,top_goalscorer,Bradley Barcola be the top goalscorer at the 2026 FIFA World Cup? - Yes,0.003,333.33,501.399,34,18202.03448,0.002,2026-07-20T00:00:00Z,,https://polymarket.com/event/2026-fifa-world-cup-top-goalscorer,,,
2026-05-28T16:59:03.535137+00:00,FIFA World Cup 2026,2026 FIFA World Cup: Top Goalscorer,top_goalscorer,Bradley Barcola be the top goalscorer at the 2026 FIFA World Cup? - No,0.997,1.0,501.399,34,18202.03448,0.002,2026-07-20T00:00:00Z,,https://polymarket.com/event/2026-fifa-world-cup-top-goalscorer,,,
2026-05-28T16:59:03.535137+00:00,FIFA World Cup 2026,2026 FIFA World Cup: Top Goalscorer,top_goalscorer,Sadio Mane be the top goalscorer at the 2026 FIFA World Cup? - Yes,0.007,142.86,697.144,159,23901.23445,0.002,2026-07-20T00:00:00Z,,https://polymarket.com/event/2026-fifa-world-cup-top-goalscorer,,,
2026-05-28T16:59:03.535137+00:00,FIFA World Cup 2026,2026 FIFA World Cup: Top Goalscorer,top_goalscorer,Sadio Mane be the top goalscorer at the 2026 FIFA World Cup? - No,0.993,1.01,697.144,159,23901.23445,0.002,2026-07-20T00:00:00Z,,https://polymarket.com/event/2026-fifa-world-cup-top-goalscorer,,,
2026-05-28T16:59:03.535137+00:00,FIFA World Cup 2026,2026 FIFA World Cup: Top Goalscorer,top_goalscorer,Rafael Leao be the top goalscorer at the 2026 FIFA World Cup? - Yes,0.0165,60.61,2595.487569,1034,31810.19079,0.005,2026-07-20T00:00:00Z,,https://polymarket.com/event/2026-fifa-world-cup-top-goalscorer,,,
2026-05-28T16:59:03.535137+00:00,FIFA World Cup 2026,2026 FIFA World Cup: Top Goalscorer,top_goalscorer,Rafael Leao be the top goalscorer at the 2026 FIFA World Cup? - No,0.9835,1.02,2595.487569,1034,31810.19079,0.005,2026-07-20T00:00:00Z,,https://polymarket.com/event/2026-fifa-world-cup-top-goalscorer,,,
2026-05-28T16:59:03.535137+00:00,FIFA World Cup 2026,2026 FIFA World Cup: Top Goalscorer,top_goalscorer,Julian Alvarez be the top goalscorer at the 2026 FIFA World Cup? - Yes,0.042,23.81,19632.136328,3195.70816,29706.6649,0.008,2026-07-20T00:00:00Z,,https://polymarket.com/event/2026-fifa-world-cup-top-goalscorer,,,
2026-05-28T16:59:03.535137+00:00,FIFA World Cup 2026,2026 FIFA World Cup: Top Goalscorer,top_goalscorer,Julian Alvarez be the top goalscorer at the 2026 FIFA World Cup? - No,0.958,1.04,19632.136328,3195.70816,29706.6649,0.008,2026-07-20T00:00:00Z,,https://polymarket.com/event/2026-fifa-world-cup-top-goalscorer,,,
2026-05-28T16:59:03.535137+00:00,FIFA World Cup 2026,2026 FIFA World Cup: Top Goalscorer,top_goalscorer,Bukayo Saka be the top goalscorer at the 2026 FIFA World Cup? - Yes,0.013,76.92,3102.908182,686.477181,24419.42378,0.006,2026-07-20T00:00:00Z,,https://polymarket.com/event/2026-fifa-world-cup-top-goalscorer,,,
2026-05-28T16:59:03.535137+00:00,FIFA World Cup 2026,2026 FIFA World Cup: Top Goalscorer,top_goalscorer,Bukayo Saka be the top goalscorer at the 2026 FIFA World Cup? - No,0.987,1.01,3102.908182,686.477181,24419.42378,0.006,2026-07-20T00:00:00Z,,https://polymarket.com/event/2026-fifa-world-cup-top-goalscorer,,,
2026-05-28T16:59:03.535137+00:00,FIFA World Cup 2026,2026 FIFA World Cup: Top Goalscorer,top_goalscorer,Player Q be the top goalscorer at the 2026 FIFA World Cup? - Yes,,,0,0,0,1,2026-07-20T00:00:00Z,,https://polymarket.com/event/2026-fifa-world-cup-top-goalscorer,,,
2026-05-28T16:59:03.535137+00:00,FIFA World Cup 2026,2026 FIFA World Cup: Top Goalscorer,top_goalscorer,Player Q be the top goalscorer at the 2026 FIFA World Cup? - No,,,0,0,0,1,2026-07-20T00:00:00Z,,https://polymarket.com/event/2026-fifa-world-cup-top-goalscorer,,,
2026-05-28T16:59:03.535137+00:00,FIFA World Cup 2026,2026 FIFA World Cup: Top Goalscorer,top_goalscorer,Player W be the top goalscorer at the 2026 FIFA World Cup? - Yes,,,0,0,0,1,2026-07-20T00:00:00Z,,https://polymarket.com/event/2026-fifa-world-cup-top-goalscorer,,,
2026-05-28T16:59:03.535137+00:00,FIFA World Cup 2026,2026 FIFA World Cup: Top Goalscorer,top_goalscorer,Player W be the top goalscorer at the 2026 FIFA World Cup? - No,,,0,0,0,1,2026-07-20T00:00:00Z,,https://polymarket.com/event/2026-fifa-world-cup-top-goalscorer,,,
2026-05-28T16:59:03.535137+00:00,FIFA World Cup 2026,2026 FIFA World Cup: Top Goalscorer,top_goalscorer,Player Y be the top goalscorer at the 2026 FIFA World Cup? - Yes,,,0,0,0,1,2026-07-20T00:00:00Z,,https://polymarket.com/event/2026-fifa-world-cup-top-goalscorer,,,
2026-05-28T16:59:03.535137+00:00,FIFA World Cup 2026,2026 FIFA World Cup: Top Goalscorer,top_goalscorer,Player Y be the top goalscorer at the 2026 FIFA World Cup? - No,,,0,0,0,1,2026-07-20T00:00:00Z,,https://polymarket.com/event/2026-fifa-world-cup-top-goalscorer,,,
2026-05-28T16:59:03.535137+00:00,FIFA World Cup 2026,2026 FIFA World Cup: Top Goalscorer,top_goalscorer,Harry Kane be the top goalscorer at the 2026 FIFA World Cup? - Yes,0.145,6.9,22392.174525000002,2660.480593,37091.6289,0.01,2026-07-20T00:00:00Z,,https://polymarket.com/event/2026-fifa-world-cup-top-goalscorer,,,
2026-05-28T16:59:03.535137+00:00,FIFA World Cup 2026,2026 FIFA World Cup: Top Goalscorer,top_goalscorer,Harry Kane be the top goalscorer at the 2026 FIFA World Cup? - No,0.855,1.17,22392.174525000002,2660.480593,37091.6289,0.01,2026-07-20T00:00:00Z,,https://polymarket.com/event/2026-fifa-world-cup-top-goalscorer,,,
2026-05-28T16:59:03.535137+00:00,FIFA World Cup 2026,2026 FIFA World Cup: Top Goalscorer,top_goalscorer,Lautaro Martinez be the top goalscorer at the 2026 FIFA World Cup? - Yes,0.0285,35.09,3672.7168630000006,14,45409.63579,0.003,2026-07-20T00:00:00Z,,https://polymarket.com/event/2026-fifa-world-cup-top-goalscorer,,,
2026-05-28T16:59:03.535137+00:00,FIFA World Cup 2026,2026 FIFA World Cup: Top Goalscorer,top_goalscorer,Lautaro Martinez be the top goalscorer at the 2026 FIFA World Cup? - No,0.9715,1.03,3672.7168630000006,14,45409.63579,0.003,2026-07-20T00:00:00Z,,https://polymarket.com/event/2026-fifa-world-cup-top-goalscorer,,,
2026-05-28T16:59:03.535137+00:00,FIFA World Cup 2026,2026 FIFA World Cup: Top Goalscorer,top_goalscorer,Bruno Fernandes be the top goalscorer at the 2026 FIFA World Cup? - Yes,0.0175,57.14,2484.932917,139.882351,29123.16635,0.003,2026-07-20T00:00:00Z,,https://polymarket.com/event/2026-fifa-world-cup-top-goalscorer,,,
2026-05-28T16:59:03.535137+00:00,FIFA World Cup 2026,2026 FIFA World Cup: Top Goalscorer,top_goalscorer,Bruno Fernandes be the top goalscorer at the 2026 FIFA World Cup? - No,0.9825,1.02,2484.932917,139.882351,29123.16635,0.003,2026-07-20T00:00:00Z,,https://polymarket.com/event/2026-fifa-world-cup-top-goalscorer,,,
2026-05-28T16:59:03.535137+00:00,FIFA World Cup 2026,2026 FIFA World Cup: Top Goalscorer,top_goalscorer,Pedri be the top goalscorer at the 2026 FIFA World Cup? - Yes,0.0035,285.71,646.5889330000001,34,16008.65774,0.001,2026-07-20T00:00:00Z,,https://polymarket.com/event/2026-fifa-world-cup-top-goalscorer,,,
2026-05-28T16:59:03.535137+00:00,FIFA World Cup 2026,2026 FIFA World Cup: Top Goalscorer,top_goalscorer,Pedri be the top goalscorer at the 2026 FIFA World Cup? - No,0.9965,1.0,646.5889330000001,34,16008.65774,0.001,2026-07-20T00:00:00Z,,https://polymarket.com/event/2026-fifa-world-cup-top-goalscorer,,,
2026-05-28T16:59:03.535137+00:00,FIFA World Cup 2026,2026 FIFA World Cup: Top Goalscorer,top_goalscorer,Luis Javier Suárez be the top goalscorer at the 2026 FIFA World Cup? - Yes,0.012,83.33,1632.7154340000002,34,18438.33229,0.014,2026-07-20T00:00:00Z,,https://polymarket.com/event/2026-fifa-world-cup-top-goalscorer,,,
2026-05-28T16:59:03.535137+00:00,FIFA World Cup 2026,2026 FIFA World Cup: Top Goalscorer,top_goalscorer,Luis Javier Suárez be the top goalscorer at the 2026 FIFA World Cup? - No,0.988,1.01,1632.7154340000002,34,18438.33229,0.014,2026-07-20T00:00:00Z,,https://polymarket.com/event/2026-fifa-world-cup-top-goalscorer,,,
2026-05-28T16:59:03.535137+00:00,FIFA World Cup 2026,2026 FIFA World Cup: Top Goalscorer,top_goalscorer,Player B be the top goalscorer at the 2026 FIFA World Cup? - Yes,,,0,0,0,1,2026-07-20T00:00:00Z,,https://polymarket.com/event/2026-fifa-world-cup-top-goalscorer,,,
2026-05-28T16:59:03.535137+00:00,FIFA World Cup 2026,2026 FIFA World Cup: Top Goalscorer,top_goalscorer,Player B be the top goalscorer at the 2026 FIFA World Cup? - No,,,0,0,0,1,2026-07-20T00:00:00Z,,https://polymarket.com/event/2026-fifa-world-cup-top-goalscorer,,,
2026-05-28T16:59:03.535137+00:00,FIFA World Cup 2026,2026 FIFA World Cup: Top Goalscorer,top_goalscorer,Player D be the top goalscorer at the 2026 FIFA World Cup? - Yes,,,0,0,0,1,2026-07-20T00:00:00Z,,https://polymarket.com/event/2026-fifa-world-cup-top-goalscorer,,,
2026-05-28T16:59:03.535137+00:00,FIFA World Cup 2026,2026 FIFA World Cup: Top Goalscorer,top_goalscorer,Player D be the top goalscorer at the 2026 FIFA World Cup? - No,,,0,0,0,1,2026-07-20T00:00:00Z,,https://polymarket.com/event/2026-fifa-world-cup-top-goalscorer,,,
2026-05-28T16:59:03.535137+00:00,FIFA World Cup 2026,2026 FIFA World Cup: Top Goalscorer,top_goalscorer,Player F be the top goalscorer at the 2026 FIFA World Cup? - Yes,,,0,0,0,1,2026-07-20T00:00:00Z,,https://polymarket.com/event/2026-fifa-world-cup-top-goalscorer,,,
2026-05-28T16:59:03.535137+00:00,FIFA World Cup 2026,2026 FIFA World Cup: Top Goalscorer,top_goalscorer,Player F be the top goalscorer at the 2026 FIFA World Cup? - No,,,0,0,0,1,2026-07-20T00:00:00Z,,https://polymarket.com/event/2026-fifa-world-cup-top-goalscorer,,,
2026-05-28T16:59:03.535137+00:00,FIFA World Cup 2026,2026 FIFA World Cup: Top Goalscorer,top_goalscorer,Player H be the top goalscorer at the 2026 FIFA World Cup? - Yes,,,0,0,0,1,2026-07-20T00:00:00Z,,https://polymarket.com/event/2026-fifa-world-cup-top-goalscorer,,,
2026-05-28T16:59:03.535137+00:00,FIFA World Cup 2026,2026 FIFA World Cup: Top Goalscorer,top_goalscorer,Player H be the top goalscorer at the 2026 FIFA World Cup? - No,,,0,0,0,1,2026-07-20T00:00:00Z,,https://polymarket.com/event/2026-fifa-world-cup-top-goalscorer,,,
2026-05-28T16:59:03.535137+00:00,FIFA World Cup 2026,2026 FIFA World Cup: Top Goalscorer,top_goalscorer,Player J be the top goalscorer at the 2026 FIFA World Cup? - Yes,,,0,0,0,1,2026-07-20T00:00:00Z,,https://polymarket.com/event/2026-fifa-world-cup-top-goalscorer,,,
2026-05-28T16:59:03.535137+00:00,FIFA World Cup 2026,2026 FIFA World Cup: Top Goalscorer,top_goalscorer,Player J be the top goalscorer at the 2026 FIFA World Cup? - No,,,0,0,0,1,2026-07-20T00:00:00Z,,https://polymarket.com/event/2026-fifa-world-cup-top-goalscorer,,,
2026-05-28T16:59:03.535137+00:00,FIFA World Cup 2026,2026 FIFA World Cup: Top Goalscorer,top_goalscorer,Player L be the top goalscorer at the 2026 FIFA World Cup? - Yes,,,0,0,0,1,2026-07-20T00:00:00Z,,https://polymarket.com/event/2026-fifa-world-cup-top-goalscorer,,,
2026-05-28T16:59:03.535137+00:00,FIFA World Cup 2026,2026 FIFA World Cup: Top Goalscorer,top_goalscorer,Player L be the top goalscorer at the 2026 FIFA World Cup? - No,,,0,0,0,1,2026-07-20T00:00:00Z,,https://polymarket.com/event/2026-fifa-world-cup-top-goalscorer,,,
2026-05-28T16:59:03.535137+00:00,FIFA World Cup 2026,2026 FIFA World Cup: Top Goalscorer,top_goalscorer,Player N be the top goalscorer at the 2026 FIFA World Cup? - Yes,,,0,0,0,1,2026-07-20T00:00:00Z,,https://polymarket.com/event/2026-fifa-world-cup-top-goalscorer,,,
2026-05-28T16:59:03.535137+00:00,FIFA World Cup 2026,2026 FIFA World Cup: Top Goalscorer,top_goalscorer,Player N be the top goalscorer at the 2026 FIFA World Cup? - No,,,0,0,0,1,2026-07-20T00:00:00Z,,https://polymarket.com/event/2026-fifa-world-cup-top-goalscorer,,,
2026-05-28T16:59:03.535137+00:00,FIFA World Cup 2026,2026 FIFA World Cup: Top Goalscorer,top_goalscorer,Player P be the top goalscorer at the 2026 FIFA World Cup? - Yes,,,0,0,0,1,2026-07-20T00:00:00Z,,https://polymarket.com/event/2026-fifa-world-cup-top-goalscorer,,,
2026-05-28T16:59:03.535137+00:00,FIFA World Cup 2026,2026 FIFA World Cup: Top Goalscorer,top_goalscorer,Player P be the top goalscorer at the 2026 FIFA World Cup? - No,,,0,0,0,1,2026-07-20T00:00:00Z,,https://polymarket.com/event/2026-fifa-world-cup-top-goalscorer,,,
2026-05-28T16:59:03.535137+00:00,FIFA World Cup 2026,2026 FIFA World Cup: Top Goalscorer,top_goalscorer,Player R be the top goalscorer at the 2026 FIFA World Cup? - Yes,,,0,0,0,1,2026-07-20T00:00:00Z,,https://polymarket.com/event/2026-fifa-world-cup-top-goalscorer,,,
2026-05-28T16:59:03.535137+00:00,FIFA World Cup 2026,2026 FIFA World Cup: Top Goalscorer,top_goalscorer,Player R be the top goalscorer at the 2026 FIFA World Cup? - No,,,0,0,0,1,2026-07-20T00:00:00Z,,https://polymarket.com/event/2026-fifa-world-cup-top-goalscorer,,,
2026-05-28T16:59:03.535137+00:00,FIFA World Cup 2026,2026 FIFA World Cup: Top Goalscorer,top_goalscorer,Player T be the top goalscorer at the 2026 FIFA World Cup? - Yes,,,0,0,0,1,2026-07-20T00:00:00Z,,https://polymarket.com/event/2026-fifa-world-cup-top-goalscorer,,,
2026-05-28T16:59:03.535137+00:00,FIFA World Cup 2026,2026 FIFA World Cup: Top Goalscorer,top_goalscorer,Player T be the top goalscorer at the 2026 FIFA World Cup? - No,,,0,0,0,1,2026-07-20T00:00:00Z,,https://polymarket.com/event/2026-fifa-world-cup-top-goalscorer,,,
2026-05-28T16:59:03.535137+00:00,FIFA World Cup 2026,2026 FIFA World Cup: Top Goalscorer,top_goalscorer,Player X be the top goalscorer at the 2026 FIFA World Cup? - Yes,,,0,0,0,1,2026-07-20T00:00:00Z,,https://polymarket.com/event/2026-fifa-world-cup-top-goalscorer,,,
2026-05-28T16:59:03.535137+00:00,FIFA World Cup 2026,2026 FIFA World Cup: Top Goalscorer,top_goalscorer,Player X be the top goalscorer at the 2026 FIFA World Cup? - No,,,0,0,0,1,2026-07-20T00:00:00Z,,https://polymarket.com/event/2026-fifa-world-cup-top-goalscorer,,,
2026-05-28T16:59:03.535137+00:00,FIFA World Cup 2026,2026 FIFA World Cup: Top Goalscorer,top_goalscorer,Player Z be the top goalscorer at the 2026 FIFA World Cup? - Yes,,,0,0,0,1,2026-07-20T00:00:00Z,,https://polymarket.com/event/2026-fifa-world-cup-top-goalscorer,,,
2026-05-28T16:59:03.535137+00:00,FIFA World Cup 2026,2026 FIFA World Cup: Top Goalscorer,top_goalscorer,Player Z be the top goalscorer at the 2026 FIFA World Cup? - No,,,0,0,0,1,2026-07-20T00:00:00Z,,https://polymarket.com/event/2026-fifa-world-cup-top-goalscorer,,,
2026-05-28T16:59:03.535137+00:00,FIFA World Cup 2026,2026 FIFA World Cup: Top Goalscorer,top_goalscorer,Player AD be the top goalscorer at the 2026 FIFA World Cup? - Yes,,,0,0,0,1,2026-07-20T00:00:00Z,,https://polymarket.com/event/2026-fifa-world-cup-top-goalscorer,,,
2026-05-28T16:59:03.535137+00:00,FIFA World Cup 2026,2026 FIFA World Cup: Top Goalscorer,top_goalscorer,Player AD be the top goalscorer at the 2026 FIFA World Cup? - No,,,0,0,0,1,2026-07-20T00:00:00Z,,https://polymarket.com/event/2026-fifa-world-cup-top-goalscorer,,,
2026-05-28T16:59:03.535137+00:00,FIFA World Cup 2026,2026 FIFA World Cup: Top Goalscorer,top_goalscorer,Player AF be the top goalscorer at the 2026 FIFA World Cup? - Yes,,,0,0,0,1,2026-07-20T00:00:00Z,,https://polymarket.com/event/2026-fifa-world-cup-top-goalscorer,,,
2026-05-28T16:59:03.535137+00:00,FIFA World Cup 2026,2026 FIFA World Cup: Top Goalscorer,top_goalscorer,Player AF be the top goalscorer at the 2026 FIFA World Cup? - No,,,0,0,0,1,2026-07-20T00:00:00Z,,https://polymarket.com/event/2026-fifa-world-cup-top-goalscorer,,,
2026-05-28T16:59:03.535137+00:00,FIFA World Cup 2026,2026 FIFA World Cup: Top Goalscorer,top_goalscorer,Player AH be the top goalscorer at the 2026 FIFA World Cup? - Yes,,,0,0,0,1,2026-07-20T00:00:00Z,,https://polymarket.com/event/2026-fifa-world-cup-top-goalscorer,,,
2026-05-28T16:59:03.535137+00:00,FIFA World Cup 2026,2026 FIFA World Cup: Top Goalscorer,top_goalscorer,Player AH be the top goalscorer at the 2026 FIFA World Cup? - No,,,0,0,0,1,2026-07-20T00:00:00Z,,https://polymarket.com/event/2026-fifa-world-cup-top-goalscorer,,,
2026-05-28T16:59:03.535137+00:00,FIFA World Cup 2026,2026 FIFA World Cup: Top Goalscorer,top_goalscorer,someone else be the top goalscorer at the 2026 FIFA World Cup? - Yes,,,0,0,0,1,2026-07-20T00:00:00Z,,https://polymarket.com/event/2026-fifa-world-cup-top-goalscorer,,,
2026-05-28T16:59:03.535137+00:00,FIFA World Cup 2026,2026 FIFA World Cup: Top Goalscorer,top_goalscorer,someone else be the top goalscorer at the 2026 FIFA World Cup? - No,,,0,0,0,1,2026-07-20T00:00:00Z,,https://polymarket.com/event/2026-fifa-world-cup-top-goalscorer,,,
2026-05-28T16:59:03.535137+00:00,FIFA World Cup 2026,2026 FIFA World Cup: Top Goalscorer,top_goalscorer,Antoine Semenyo be the top goalscorer at the 2026 FIFA World Cup? - Yes,0.0065,153.85,494.79900000000004,58.8,22185.19137,0.005,2026-07-20T00:00:00Z,,https://polymarket.com/event/2026-fifa-world-cup-top-goalscorer,,,
2026-05-28T16:59:03.535137+00:00,FIFA World Cup 2026,2026 FIFA World Cup: Top Goalscorer,top_goalscorer,Antoine Semenyo be the top goalscorer at the 2026 FIFA World Cup? - No,0.9935,1.01,494.79900000000004,58.8,22185.19137,0.005,2026-07-20T00:00:00Z,,https://polymarket.com/event/2026-fifa-world-cup-top-goalscorer,,,
2026-05-28T16:59:03.535137+00:00,FIFA World Cup 2026,2026 FIFA World Cup: Top Goalscorer,top_goalscorer,Mikel Oyarzabal be the top goalscorer at the 2026 FIFA World Cup? - Yes,0.065,15.38,10923.260001999999,692.5614250000001,27725.2298,0.01,2026-07-20T00:00:00Z,,https://polymarket.com/event/2026-fifa-world-cup-top-goalscorer,,,
2026-05-28T16:59:03.535137+00:00,FIFA World Cup 2026,2026 FIFA World Cup: Top Goalscorer,top_goalscorer,Mikel Oyarzabal be the top goalscorer at the 2026 FIFA World Cup? - No,0.935,1.07,10923.260001999999,692.5614250000001,27725.2298,0.01,2026-07-20T00:00:00Z,,https://polymarket.com/event/2026-fifa-world-cup-top-goalscorer,,,
2026-05-28T16:59:03.535137+00:00,FIFA World Cup 2026,2026 FIFA World Cup: Top Goalscorer,top_goalscorer,Federico Valverde be the top goalscorer at the 2026 FIFA World Cup? - Yes,0.01,100.0,981.660666,34,25037.4382,0.01,2026-07-20T00:00:00Z,,https://polymarket.com/event/2026-fifa-world-cup-top-goalscorer,,,
2026-05-28T16:59:03.535137+00:00,FIFA World Cup 2026,2026 FIFA World Cup: Top Goalscorer,top_goalscorer,Federico Valverde be the top goalscorer at the 2026 FIFA World Cup? - No,0.99,1.01,981.660666,34,25037.4382,0.01,2026-07-20T00:00:00Z,,https://polymarket.com/event/2026-fifa-world-cup-top-goalscorer,,,
2026-05-28T16:59:03.535137+00:00,FIFA World Cup 2026,2026 FIFA World Cup: Top Goalscorer,top_goalscorer,Dion Beljo be the top goalscorer at the 2026 FIFA World Cup? - Yes,0.0055,181.82,451.643665,34,15903.40995,0.009,2026-07-20T00:00:00Z,,https://polymarket.com/event/2026-fifa-world-cup-top-goalscorer,,,
2026-05-28T16:59:03.535137+00:00,FIFA World Cup 2026,2026 FIFA World Cup: Top Goalscorer,top_goalscorer,Dion Beljo be the top goalscorer at the 2026 FIFA World Cup? - No,0.9945,1.01,451.643665,34,15903.40995,0.009,2026-07-20T00:00:00Z,,https://polymarket.com/event/2026-fifa-world-cup-top-goalscorer,,,
2026-05-28T16:59:03.535137+00:00,FIFA World Cup 2026,2026 FIFA World Cup: Top Goalscorer,top_goalscorer,Player A be the top goalscorer at the 2026 FIFA World Cup? - Yes,,,0,0,0,1,2026-07-20T00:00:00Z,,https://polymarket.com/event/2026-fifa-world-cup-top-goalscorer,,,
2026-05-28T16:59:03.535137+00:00,FIFA World Cup 2026,2026 FIFA World Cup: Top Goalscorer,top_goalscorer,Player A be the top goalscorer at the 2026 FIFA World Cup? - No,,,0,0,0,1,2026-07-20T00:00:00Z,,https://polymarket.com/event/2026-fifa-world-cup-top-goalscorer,,,
2026-05-28T16:59:03.535137+00:00,FIFA World Cup 2026,2026 FIFA World Cup: Top Goalscorer,top_goalscorer,Player C be the top goalscorer at the 2026 FIFA World Cup? - Yes,,,0,0,0,1,2026-07-20T00:00:00Z,,https://polymarket.com/event/2026-fifa-world-cup-top-goalscorer,,,
2026-05-28T16:59:03.535137+00:00,FIFA World Cup 2026,2026 FIFA World Cup: Top Goalscorer,top_goalscorer,Player C be the top goalscorer at the 2026 FIFA World Cup? - No,,,0,0,0,1,2026-07-20T00:00:00Z,,https://polymarket.com/event/2026-fifa-world-cup-top-goalscorer,,,
2026-05-28T16:59:03.535137+00:00,FIFA World Cup 2026,2026 FIFA World Cup: Top Goalscorer,top_goalscorer,Player E be the top goalscorer at the 2026 FIFA World Cup? - Yes,,,0,0,0,1,2026-07-20T00:00:00Z,,https://polymarket.com/event/2026-fifa-world-cup-top-goalscorer,,,
2026-05-28T16:59:03.535137+00:00,FIFA World Cup 2026,2026 FIFA World Cup: Top Goalscorer,top_goalscorer,Player E be the top goalscorer at the 2026 FIFA World Cup? - No,,,0,0,0,1,2026-07-20T00:00:00Z,,https://polymarket.com/event/2026-fifa-world-cup-top-goalscorer,,,
2026-05-28T16:59:03.535137+00:00,FIFA World Cup 2026,2026 FIFA World Cup: Top Goalscorer,top_goalscorer,Player G be the top goalscorer at the 2026 FIFA World Cup? - Yes,,,0,0,0,1,2026-07-20T00:00:00Z,,https://polymarket.com/event/2026-fifa-world-cup-top-goalscorer,,,
2026-05-28T16:59:03.535137+00:00,FIFA World Cup 2026,2026 FIFA World Cup: Top Goalscorer,top_goalscorer,Player G be the top goalscorer at the 2026 FIFA World Cup? - No,,,0,0,0,1,2026-07-20T00:00:00Z,,https://polymarket.com/event/2026-fifa-world-cup-top-goalscorer,,,
2026-05-28T16:59:03.535137+00:00,FIFA World Cup 2026,2026 FIFA World Cup: Top Goalscorer,top_goalscorer,Player I be the top goalscorer at the 2026 FIFA World Cup? - Yes,,,0,0,0,1,2026-07-20T00:00:00Z,,https://polymarket.com/event/2026-fifa-world-cup-top-goalscorer,,,
2026-05-28T16:59:03.535137+00:00,FIFA World Cup 2026,2026 FIFA World Cup: Top Goalscorer,top_goalscorer,Player I be the top goalscorer at the 2026 FIFA World Cup? - No,,,0,0,0,1,2026-07-20T00:00:00Z,,https://polymarket.com/event/2026-fifa-world-cup-top-goalscorer,,,
2026-05-28T16:59:03.535137+00:00,FIFA World Cup 2026,2026 FIFA World Cup: Top Goalscorer,top_goalscorer,Player K be the top goalscorer at the 2026 FIFA World Cup? - Yes,,,0,0,0,1,2026-07-20T00:00:00Z,,https://polymarket.com/event/2026-fifa-world-cup-top-goalscorer,,,
2026-05-28T16:59:03.535137+00:00,FIFA World Cup 2026,2026 FIFA World Cup: Top Goalscorer,top_goalscorer,Player K be the top goalscorer at the 2026 FIFA World Cup? - No,,,0,0,0,1,2026-07-20T00:00:00Z,,https://polymarket.com/event/2026-fifa-world-cup-top-goalscorer,,,
2026-05-28T16:59:03.535137+00:00,FIFA World Cup 2026,2026 FIFA World Cup: Top Goalscorer,top_goalscorer,Player M be the top goalscorer at the 2026 FIFA World Cup? - Yes,,,0,0,0,1,2026-07-20T00:00:00Z,,https://polymarket.com/event/2026-fifa-world-cup-top-goalscorer,,,
2026-05-28T16:59:03.535137+00:00,FIFA World Cup 2026,2026 FIFA World Cup: Top Goalscorer,top_goalscorer,Player M be the top goalscorer at the 2026 FIFA World Cup? - No,,,0,0,0,1,2026-07-20T00:00:00Z,,https://polymarket.com/event/2026-fifa-world-cup-top-goalscorer,,,
2026-05-28T16:59:03.535137+00:00,FIFA World Cup 2026,2026 FIFA World Cup: Top Goalscorer,top_goalscorer,Player O be the top goalscorer at the 2026 FIFA World Cup? - Yes,,,0,0,0,1,2026-07-20T00:00:00Z,,https://polymarket.com/event/2026-fifa-world-cup-top-goalscorer,,,
2026-05-28T16:59:03.535137+00:00,FIFA World Cup 2026,2026 FIFA World Cup: Top Goalscorer,top_goalscorer,Player O be the top goalscorer at the 2026 FIFA World Cup? - No,,,0,0,0,1,2026-07-20T00:00:00Z,,https://polymarket.com/event/2026-fifa-world-cup-top-goalscorer,,,
2026-05-28T16:59:03.535137+00:00,FIFA World Cup 2026,2026 FIFA World Cup: Top Goalscorer,top_goalscorer,Player S be the top goalscorer at the 2026 FIFA World Cup? - Yes,,,0,0,0,1,2026-07-20T00:00:00Z,,https://polymarket.com/event/2026-fifa-world-cup-top-goalscorer,,,
2026-05-28T16:59:03.535137+00:00,FIFA World Cup 2026,2026 FIFA World Cup: Top Goalscorer,top_goalscorer,Player S be the top goalscorer at the 2026 FIFA World Cup? - No,,,0,0,0,1,2026-07-20T00:00:00Z,,https://polymarket.com/event/2026-fifa-world-cup-top-goalscorer,,,
2026-05-28T16:59:03.535137+00:00,FIFA World Cup 2026,2026 FIFA World Cup: Top Goalscorer,top_goalscorer,Player U be the top goalscorer at the 2026 FIFA World Cup? - Yes,,,0,0,0,1,2026-07-20T00:00:00Z,,https://polymarket.com/event/2026-fifa-world-cup-top-goalscorer,,,
2026-05-28T16:59:03.535137+00:00,FIFA World Cup 2026,2026 FIFA World Cup: Top Goalscorer,top_goalscorer,Player U be the top goalscorer at the 2026 FIFA World Cup? - No,,,0,0,0,1,2026-07-20T00:00:00Z,,https://polymarket.com/event/2026-fifa-world-cup-top-goalscorer,,,
2026-05-28T16:59:03.535137+00:00,FIFA World Cup 2026,2026 FIFA World Cup: Top Goalscorer,top_goalscorer,Player V be the top goalscorer at the 2026 FIFA World Cup? - Yes,,,0,0,0,1,2026-07-20T00:00:00Z,,https://polymarket.com/event/2026-fifa-world-cup-top-goalscorer,,,
2026-05-28T16:59:03.535137+00:00,FIFA World Cup 2026,2026 FIFA World Cup: Top Goalscorer,top_goalscorer,Player V be the top goalscorer at the 2026 FIFA World Cup? - No,,,0,0,0,1,2026-07-20T00:00:00Z,,https://polymarket.com/event/2026-fifa-world-cup-top-goalscorer,,,
2026-05-28T16:59:03.535137+00:00,FIFA World Cup 2026,2026 FIFA World Cup: Top Goalscorer,top_goalscorer,Player AB be the top goalscorer at the 2026 FIFA World Cup? - Yes,,,0,0,0,1,2026-07-20T00:00:00Z,,https://polymarket.com/event/2026-fifa-world-cup-top-goalscorer,,,
2026-05-28T16:59:03.535137+00:00,FIFA World Cup 2026,2026 FIFA World Cup: Top Goalscorer,top_goalscorer,Player AB be the top goalscorer at the 2026 FIFA World Cup? - No,,,0,0,0,1,2026-07-20T00:00:00Z,,https://polymarket.com/event/2026-fifa-world-cup-top-goalscorer,,,
2026-05-28T16:59:03.535137+00:00,FIFA World Cup 2026,2026 FIFA World Cup: Top Goalscorer,top_goalscorer,Player AG be the top goalscorer at the 2026 FIFA World Cup? - Yes,,,0,0,0,1,2026-07-20T00:00:00Z,,https://polymarket.com/event/2026-fifa-world-cup-top-goalscorer,,,
2026-05-28T16:59:03.535137+00:00,FIFA World Cup 2026,2026 FIFA World Cup: Top Goalscorer,top_goalscorer,Player AG be the top goalscorer at the 2026 FIFA World Cup? - No,,,0,0,0,1,2026-07-20T00:00:00Z,,https://polymarket.com/event/2026-fifa-world-cup-top-goalscorer,,,
2026-05-28T16:59:03.535137+00:00,FIFA World Cup 2026,2026 FIFA World Cup: Top Goalscorer,top_goalscorer,Player AI be the top goalscorer at the 2026 FIFA World Cup? - Yes,,,0,0,0,1,2026-07-20T00:00:00Z,,https://polymarket.com/event/2026-fifa-world-cup-top-goalscorer,,,
2026-05-28T16:59:03.535137+00:00,FIFA World Cup 2026,2026 FIFA World Cup: Top Goalscorer,top_goalscorer,Player AI be the top goalscorer at the 2026 FIFA World Cup? - No,,,0,0,0,1,2026-07-20T00:00:00Z,,https://polymarket.com/event/2026-fifa-world-cup-top-goalscorer,,,
2026-05-28T16:59:03.535137+00:00,FIFA World Cup 2026,2026 FIFA World Cup: Top Goalscorer,top_goalscorer,Player AA be the top goalscorer at the 2026 FIFA World Cup? - Yes,,,0,0,0,1,2026-07-20T00:00:00Z,,https://polymarket.com/event/2026-fifa-world-cup-top-goalscorer,,,
2026-05-28T16:59:03.535137+00:00,FIFA World Cup 2026,2026 FIFA World Cup: Top Goalscorer,top_goalscorer,Player AA be the top goalscorer at the 2026 FIFA World Cup? - No,,,0,0,0,1,2026-07-20T00:00:00Z,,https://polymarket.com/event/2026-fifa-world-cup-top-goalscorer,,,
2026-05-28T16:59:03.535137+00:00,FIFA World Cup 2026,2026 FIFA World Cup: Top Goalscorer,top_goalscorer,Player AC be the top goalscorer at the 2026 FIFA World Cup? - Yes,,,0,0,0,1,2026-07-20T00:00:00Z,,https://polymarket.com/event/2026-fifa-world-cup-top-goalscorer,,,
2026-05-28T16:59:03.535137+00:00,FIFA World Cup 2026,2026 FIFA World Cup: Top Goalscorer,top_goalscorer,Player AC be the top goalscorer at the 2026 FIFA World Cup? - No,,,0,0,0,1,2026-07-20T00:00:00Z,,https://polymarket.com/event/2026-fifa-world-cup-top-goalscorer,,,
2026-05-28T16:59:03.535137+00:00,FIFA World Cup 2026,2026 FIFA World Cup: Top Goalscorer,top_goalscorer,Player AE be the top goalscorer at the 2026 FIFA World Cup? - Yes,,,0,0,0,1,2026-07-20T00:00:00Z,,https://polymarket.com/event/2026-fifa-world-cup-top-goalscorer,,,
2026-05-28T16:59:03.535137+00:00,FIFA World Cup 2026,2026 FIFA World Cup: Top Goalscorer,top_goalscorer,Player AE be the top goalscorer at the 2026 FIFA World Cup? - No,,,0,0,0,1,2026-07-20T00:00:00Z,,https://polymarket.com/event/2026-fifa-world-cup-top-goalscorer,,,
2026-05-28T16:59:03.535137+00:00,FIFA World Cup 2026,2026 FIFA World Cup: Nation to Reach Final,reach_final,South Korea reach the 2026 FIFA World Cup final? - Yes,0.013,76.92,21.0101,,36632.32184,0.012,2026-07-20T00:00:00Z,,https://polymarket.com/event/2026-fifa-world-cup-nation-to-reach-final,,,
2026-05-28T16:59:03.535137+00:00,FIFA World Cup 2026,2026 FIFA World Cup: Nation to Reach Final,reach_final,South Korea reach the 2026 FIFA World Cup final? - No,0.987,1.01,21.0101,,36632.32184,0.012,2026-07-20T00:00:00Z,,https://polymarket.com/event/2026-fifa-world-cup-nation-to-reach-final,,,
2026-05-28T16:59:03.535137+00:00,FIFA World Cup 2026,2026 FIFA World Cup: Nation to Reach Final,reach_final,Czechia reach the 2026 FIFA World Cup final? - Yes,0.0085,117.65,70,,23471.36677,0.011,2026-07-20T00:00:00Z,,https://polymarket.com/event/2026-fifa-world-cup-nation-to-reach-final,,,
2026-05-28T16:59:03.535137+00:00,FIFA World Cup 2026,2026 FIFA World Cup: Nation to Reach Final,reach_final,Czechia reach the 2026 FIFA World Cup final? - No,0.9915,1.01,70,,23471.36677,0.011,2026-07-20T00:00:00Z,,https://polymarket.com/event/2026-fifa-world-cup-nation-to-reach-final,,,
2026-05-28T16:59:03.535137+00:00,FIFA World Cup 2026,2026 FIFA World Cup: Nation to Reach Final,reach_final,Switzerland reach the 2026 FIFA World Cup final? - Yes,0.033,30.3,190.17458299999998,,36680.45888,0.01,2026-07-20T00:00:00Z,,https://polymarket.com/event/2026-fifa-world-cup-nation-to-reach-final,,,
2026-05-28T16:59:03.535137+00:00,FIFA World Cup 2026,2026 FIFA World Cup: Nation to Reach Final,reach_final,Switzerland reach the 2026 FIFA World Cup final? - No,0.967,1.03,190.17458299999998,,36680.45888,0.01,2026-07-20T00:00:00Z,,https://polymarket.com/event/2026-fifa-world-cup-nation-to-reach-final,,,
2026-05-28T16:59:03.535137+00:00,FIFA World Cup 2026,2026 FIFA World Cup: Nation to Reach Final,reach_final,Bosnia and Herzegovina reach the 2026 FIFA World Cup final? - Yes,0.0115,86.96,161.91649999999998,,23582.73387,0.011,2026-07-20T00:00:00Z,,https://polymarket.com/event/2026-fifa-world-cup-nation-to-reach-final,,,
2026-05-28T16:59:03.535137+00:00,FIFA World Cup 2026,2026 FIFA World Cup: Nation to Reach Final,reach_final,Bosnia and Herzegovina reach the 2026 FIFA World Cup final? - No,0.9885,1.01,161.91649999999998,,23582.73387,0.011,2026-07-20T00:00:00Z,,https://polymarket.com/event/2026-fifa-world-cup-nation-to-reach-final,,,
2026-05-28T16:59:03.535137+00:00,FIFA World Cup 2026,2026 FIFA World Cup: Nation to Reach Final,reach_final,Morocco reach the 2026 FIFA World Cup final? - Yes,0.038,26.32,5443.955362000001,978.368656,29084.64493,0.012,2026-07-20T00:00:00Z,,https://polymarket.com/event/2026-fifa-world-cup-nation-to-reach-final,,,
2026-05-28T16:59:03.535137+00:00,FIFA World Cup 2026,2026 FIFA World Cup: Nation to Reach Final,reach_final,Morocco reach the 2026 FIFA World Cup final? - No,0.962,1.04,5443.955362000001,978.368656,29084.64493,0.012,2026-07-20T00:00:00Z,,https://polymarket.com/event/2026-fifa-world-cup-nation-to-reach-final,,,
2026-05-28T16:59:03.535137+00:00,FIFA World Cup 2026,2026 FIFA World Cup: Nation to Reach Final,reach_final,Haiti reach the 2026 FIFA World Cup final? - Yes,0.013,76.92,60,,32228.61057,0.02,2026-07-20T00:00:00Z,,https://polymarket.com/event/2026-fifa-world-cup-nation-to-reach-final,,,
2026-05-28T16:59:03.535137+00:00,FIFA World Cup 2026,2026 FIFA World Cup: Nation to Reach Final,reach_final,Haiti reach the 2026 FIFA World Cup final? - No,0.987,1.01,60,,32228.61057,0.02,2026-07-20T00:00:00Z,,https://polymarket.com/event/2026-fifa-world-cup-nation-to-reach-final,,,
2026-05-28T16:59:03.535137+00:00,FIFA World Cup 2026,2026 FIFA World Cup: Nation to Reach Final,reach_final,Australia reach the 2026 FIFA World Cup final? - Yes,0.01,100.0,75,,31894.4542,0.012,2026-07-20T00:00:00Z,,https://polymarket.com/event/2026-fifa-world-cup-nation-to-reach-final,,,
2026-05-28T16:59:03.535137+00:00,FIFA World Cup 2026,2026 FIFA World Cup: Nation to Reach Final,reach_final,Australia reach the 2026 FIFA World Cup final? - No,0.99,1.01,75,,31894.4542,0.012,2026-07-20T00:00:00Z,,https://polymarket.com/event/2026-fifa-world-cup-nation-to-reach-final,,,
2026-05-28T16:59:03.535137+00:00,FIFA World Cup 2026,2026 FIFA World Cup: Nation to Reach Final,reach_final,Turkiye reach the 2026 FIFA World Cup final? - Yes,0.031,32.26,256.410255,,26054.54129,0.002,2026-07-20T00:00:00Z,,https://polymarket.com/event/2026-fifa-world-cup-nation-to-reach-final,,,
2026-05-28T16:59:03.535137+00:00,FIFA World Cup 2026,2026 FIFA World Cup: Nation to Reach Final,reach_final,Turkiye reach the 2026 FIFA World Cup final? - No,0.969,1.03,256.410255,,26054.54129,0.002,2026-07-20T00:00:00Z,,https://polymarket.com/event/2026-fifa-world-cup-nation-to-reach-final,,,
2026-05-28T16:59:03.535137+00:00,FIFA World Cup 2026,2026 FIFA World Cup: Nation to Reach Final,reach_final,Ecuador reach the 2026 FIFA World Cup final? - Yes,0.023,43.48,1.0101,,24404.55553,0.014,2026-07-20T00:00:00Z,,https://polymarket.com/event/2026-fifa-world-cup-nation-to-reach-final,,,
2026-05-28T16:59:03.535137+00:00,FIFA World Cup 2026,2026 FIFA World Cup: Nation to Reach Final,reach_final,Ecuador reach the 2026 FIFA World Cup final? - No,0.977,1.02,1.0101,,24404.55553,0.014,2026-07-20T00:00:00Z,,https://polymarket.com/event/2026-fifa-world-cup-nation-to-reach-final,,,
2026-05-28T16:59:03.535137+00:00,FIFA World Cup 2026,2026 FIFA World Cup: Nation to Reach Final,reach_final,Curacao reach the 2026 FIFA World Cup final? - Yes,0.0115,86.96,135,,21853.56272,0.017,2026-07-20T00:00:00Z,,https://polymarket.com/event/2026-fifa-world-cup-nation-to-reach-final,,,
2026-05-28T16:59:03.535137+00:00,FIFA World Cup 2026,2026 FIFA World Cup: Nation to Reach Final,reach_final,Curacao reach the 2026 FIFA World Cup final? - No,0.9885,1.01,135,,21853.56272,0.017,2026-07-20T00:00:00Z,,https://polymarket.com/event/2026-fifa-world-cup-nation-to-reach-final,,,
2026-05-28T16:59:03.535137+00:00,FIFA World Cup 2026,2026 FIFA World Cup: Nation to Reach Final,reach_final,Mexico reach the 2026 FIFA World Cup final? - Yes,0.054,18.52,6863.538211000001,662.777776,26243.4811,0.002,2026-07-20T00:00:00Z,,https://polymarket.com/event/2026-fifa-world-cup-nation-to-reach-final,,,
2026-05-28T16:59:03.535137+00:00,FIFA World Cup 2026,2026 FIFA World Cup: Nation to Reach Final,reach_final,Mexico reach the 2026 FIFA World Cup final? - No,0.946,1.06,6863.538211000001,662.777776,26243.4811,0.002,2026-07-20T00:00:00Z,,https://polymarket.com/event/2026-fifa-world-cup-nation-to-reach-final,,,
2026-05-28T16:59:03.535137+00:00,FIFA World Cup 2026,2026 FIFA World Cup: Nation to Reach Final,reach_final,South Africa reach the 2026 FIFA World Cup final? - Yes,0.0085,117.65,60,,21603.47591,0.009,2026-07-20T00:00:00Z,,https://polymarket.com/event/2026-fifa-world-cup-nation-to-reach-final,,,
2026-05-28T16:59:03.535137+00:00,FIFA World Cup 2026,2026 FIFA World Cup: Nation to Reach Final,reach_final,South Africa reach the 2026 FIFA World Cup final? - No,0.9915,1.01,60,,21603.47591,0.009,2026-07-20T00:00:00Z,,https://polymarket.com/event/2026-fifa-world-cup-nation-to-reach-final,,,
2026-05-28T16:59:03.535137+00:00,FIFA World Cup 2026,2026 FIFA World Cup: Nation to Reach Final,reach_final,Canada reach the 2026 FIFA World Cup final? - Yes,0.0155,64.52,186.7516,,33871.34725,0.017,2026-07-20T00:00:00Z,,https://polymarket.com/event/2026-fifa-world-cup-nation-to-reach-final,,,
2026-05-28T16:59:03.535137+00:00,FIFA World Cup 2026,2026 FIFA World Cup: Nation to Reach Final,reach_final,Canada reach the 2026 FIFA World Cup final? - No,0.9845,1.02,186.7516,,33871.34725,0.017,2026-07-20T00:00:00Z,,https://polymarket.com/event/2026-fifa-world-cup-nation-to-reach-final,,,
2026-05-28T16:59:03.535137+00:00,FIFA World Cup 2026,2026 FIFA World Cup: Nation to Reach Final,reach_final,Qatar reach the 2026 FIFA World Cup final? - Yes,0.007,142.86,284.632,,42024.04579,0.008,2026-07-20T00:00:00Z,,https://polymarket.com/event/2026-fifa-world-cup-nation-to-reach-final,,,
2026-05-28T16:59:03.535137+00:00,FIFA World Cup 2026,2026 FIFA World Cup: Nation to Reach Final,reach_final,Qatar reach the 2026 FIFA World Cup final? - No,0.993,1.01,284.632,,42024.04579,0.008,2026-07-20T00:00:00Z,,https://polymarket.com/event/2026-fifa-world-cup-nation-to-reach-final,,,
2026-05-28T16:59:03.535137+00:00,FIFA World Cup 2026,2026 FIFA World Cup: Nation to Reach Final,reach_final,Brazil reach the 2026 FIFA World Cup final? - Yes,0.205,4.88,4467.451762,219.047618,17381.4912,0.01,2026-07-20T00:00:00Z,,https://polymarket.com/event/2026-fifa-world-cup-nation-to-reach-final,,,
2026-05-28T16:59:03.535137+00:00,FIFA World Cup 2026,2026 FIFA World Cup: Nation to Reach Final,reach_final,Brazil reach the 2026 FIFA World Cup final? - No,0.795,1.26,4467.451762,219.047618,17381.4912,0.01,2026-07-20T00:00:00Z,,https://polymarket.com/event/2026-fifa-world-cup-nation-to-reach-final,,,
2026-05-28T16:59:03.535137+00:00,FIFA World Cup 2026,2026 FIFA World Cup: Nation to Reach Final,reach_final,Scotland reach the 2026 FIFA World Cup final? - Yes,0.012,83.33,33.8887,,24799.4883,0.012,2026-07-20T00:00:00Z,,https://polymarket.com/event/2026-fifa-world-cup-nation-to-reach-final,,,
2026-05-28T16:59:03.535137+00:00,FIFA World Cup 2026,2026 FIFA World Cup: Nation to Reach Final,reach_final,Scotland reach the 2026 FIFA World Cup final? - No,0.988,1.01,33.8887,,24799.4883,0.012,2026-07-20T00:00:00Z,,https://polymarket.com/event/2026-fifa-world-cup-nation-to-reach-final,,,
2026-05-28T16:59:03.535137+00:00,FIFA World Cup 2026,2026 FIFA World Cup: Nation to Reach Final,reach_final,USA reach the 2026 FIFA World Cup final? - Yes,0.0365,27.4,165.177464,,35349.18694,0.015,2026-07-20T00:00:00Z,,https://polymarket.com/event/2026-fifa-world-cup-nation-to-reach-final,,,
2026-05-28T16:59:03.535137+00:00,FIFA World Cup 2026,2026 FIFA World Cup: Nation to Reach Final,reach_final,USA reach the 2026 FIFA World Cup final? - No,0.9635,1.04,165.177464,,35349.18694,0.015,2026-07-20T00:00:00Z,,https://polymarket.com/event/2026-fifa-world-cup-nation-to-reach-final,,,
2026-05-28T16:59:03.535137+00:00,FIFA World Cup 2026,2026 FIFA World Cup: Nation to Reach Final,reach_final,Paraguay reach the 2026 FIFA World Cup final? - Yes,0.016,62.5,,,21761.4104,0.012,2026-07-20T00:00:00Z,,https://polymarket.com/event/2026-fifa-world-cup-nation-to-reach-final,,,
2026-05-28T16:59:03.535137+00:00,FIFA World Cup 2026,2026 FIFA World Cup: Nation to Reach Final,reach_final,Paraguay reach the 2026 FIFA World Cup final? - No,0.984,1.02,,,21761.4104,0.012,2026-07-20T00:00:00Z,,https://polymarket.com/event/2026-fifa-world-cup-nation-to-reach-final,,,
2026-05-28T16:59:03.535137+00:00,FIFA World Cup 2026,2026 FIFA World Cup: Nation to Reach Final,reach_final,Germany reach the 2026 FIFA World Cup final? - Yes,0.155,6.45,1027.62259,,18284.5001,0.01,2026-07-20T00:00:00Z,,https://polymarket.com/event/2026-fifa-world-cup-nation-to-reach-final,,,
2026-05-28T16:59:03.535137+00:00,FIFA World Cup 2026,2026 FIFA World Cup: Nation to Reach Final,reach_final,Germany reach the 2026 FIFA World Cup final? - No,0.845,1.18,1027.62259,,18284.5001,0.01,2026-07-20T00:00:00Z,,https://polymarket.com/event/2026-fifa-world-cup-nation-to-reach-final,,,
2026-05-28T16:59:03.535137+00:00,FIFA World Cup 2026,2026 FIFA World Cup: Nation to Reach Final,reach_final,Ivory Coast reach the 2026 FIFA World Cup final? - Yes,0.013,76.92,357.745204,,23574.27961,0.014,2026-07-20T00:00:00Z,,https://polymarket.com/event/2026-fifa-world-cup-nation-to-reach-final,,,
2026-05-28T16:59:03.535137+00:00,FIFA World Cup 2026,2026 FIFA World Cup: Nation to Reach Final,reach_final,Ivory Coast reach the 2026 FIFA World Cup final? - No,0.987,1.01,357.745204,,23574.27961,0.014,2026-07-20T00:00:00Z,,https://polymarket.com/event/2026-fifa-world-cup-nation-to-reach-final,,,
2026-05-28T16:59:03.535137+00:00,FIFA World Cup 2026,2026 FIFA World Cup: Nation to Reach Final,reach_final,Netherlands reach the 2026 FIFA World Cup final? - Yes,0.105,9.52,686.472547,,24685.7727,0.01,2026-07-20T00:00:00Z,,https://polymarket.com/event/2026-fifa-world-cup-nation-to-reach-final,,,
2026-05-28T16:59:03.535137+00:00,FIFA World Cup 2026,2026 FIFA World Cup: Nation to Reach Final,reach_final,Netherlands reach the 2026 FIFA World Cup final? - No,0.895,1.12,686.472547,,24685.7727,0.01,2026-07-20T00:00:00Z,,https://polymarket.com/event/2026-fifa-world-cup-nation-to-reach-final,,,
2026-05-28T16:59:03.535137+00:00,FIFA World Cup 2026,2026 FIFA World Cup: Nation to Reach Final,reach_final,Japan reach the 2026 FIFA World Cup final? - Yes,0.04,25.0,529.208923,,34218.84646,0.01,2026-07-20T00:00:00Z,,https://polymarket.com/event/2026-fifa-world-cup-nation-to-reach-final,,,
2026-05-28T16:59:03.535137+00:00,FIFA World Cup 2026,2026 FIFA World Cup: Nation to Reach Final,reach_final,Japan reach the 2026 FIFA World Cup final? - No,0.96,1.04,529.208923,,34218.84646,0.01,2026-07-20T00:00:00Z,,https://polymarket.com/event/2026-fifa-world-cup-nation-to-reach-final,,,
2026-05-28T16:59:03.535137+00:00,FIFA World Cup 2026,2026 FIFA World Cup: Nation to Reach Final,reach_final,Sweden reach the 2026 FIFA World Cup final? - Yes,0.0155,64.52,307.13250000000005,,27130.02217,0.011,2026-07-20T00:00:00Z,,https://polymarket.com/event/2026-fifa-world-cup-nation-to-reach-final,,,
2026-05-28T16:59:03.535137+00:00,FIFA World Cup 2026,2026 FIFA World Cup: Nation to Reach Final,reach_final,Sweden reach the 2026 FIFA World Cup final? - No,0.9845,1.02,307.13250000000005,,27130.02217,0.011,2026-07-20T00:00:00Z,,https://polymarket.com/event/2026-fifa-world-cup-nation-to-reach-final,,,
2026-05-28T16:59:03.535137+00:00,FIFA World Cup 2026,2026 FIFA World Cup: Nation to Reach Final,reach_final,Iran reach the 2026 FIFA World Cup final? - Yes,0.007,142.86,612.57795,499.98,42611.84116,0.004,2026-07-20T00:00:00Z,,https://polymarket.com/event/2026-fifa-world-cup-nation-to-reach-final,,,
2026-05-28T16:59:03.535137+00:00,FIFA World Cup 2026,2026 FIFA World Cup: Nation to Reach Final,reach_final,Iran reach the 2026 FIFA World Cup final? - No,0.993,1.01,612.57795,499.98,42611.84116,0.004,2026-07-20T00:00:00Z,,https://polymarket.com/event/2026-fifa-world-cup-nation-to-reach-final,,,
2026-05-28T16:59:03.535137+00:00,FIFA World Cup 2026,2026 FIFA World Cup: Nation to Reach Final,reach_final,New Zealand reach the 2026 FIFA World Cup final? - Yes,0.0105,95.24,80,,21659.12059,0.015,2026-07-20T00:00:00Z,,https://polymarket.com/event/2026-fifa-world-cup-nation-to-reach-final,,,
2026-05-28T16:59:03.535137+00:00,FIFA World Cup 2026,2026 FIFA World Cup: Nation to Reach Final,reach_final,New Zealand reach the 2026 FIFA World Cup final? - No,0.9895,1.01,80,,21659.12059,0.015,2026-07-20T00:00:00Z,,https://polymarket.com/event/2026-fifa-world-cup-nation-to-reach-final,,,
2026-05-28T16:59:03.535137+00:00,FIFA World Cup 2026,2026 FIFA World Cup: Nation to Reach Final,reach_final,Uruguay reach the 2026 FIFA World Cup final? - Yes,0.034,29.41,168.027206,,21717.29058,0.012,2026-07-20T00:00:00Z,,https://polymarket.com/event/2026-fifa-world-cup-nation-to-reach-final,,,
2026-05-28T16:59:03.535137+00:00,FIFA World Cup 2026,2026 FIFA World Cup: Nation to Reach Final,reach_final,Uruguay reach the 2026 FIFA World Cup final? - No,0.966,1.04,168.027206,,21717.29058,0.012,2026-07-20T00:00:00Z,,https://polymarket.com/event/2026-fifa-world-cup-nation-to-reach-final,,,
2026-05-28T16:59:03.535137+00:00,FIFA World Cup 2026,2026 FIFA World Cup: Nation to Reach Final,reach_final,Cape Verde reach the 2026 FIFA World Cup final? - Yes,0.0065,153.85,110.63,,32319.10752,0.009,2026-07-20T00:00:00Z,,https://polymarket.com/event/2026-fifa-world-cup-nation-to-reach-final,,,
2026-05-28T16:59:03.535137+00:00,FIFA World Cup 2026,2026 FIFA World Cup: Nation to Reach Final,reach_final,Cape Verde reach the 2026 FIFA World Cup final? - No,0.9935,1.01,110.63,,32319.10752,0.009,2026-07-20T00:00:00Z,,https://polymarket.com/event/2026-fifa-world-cup-nation-to-reach-final,,,
2026-05-28T16:59:03.535137+00:00,FIFA World Cup 2026,2026 FIFA World Cup: Nation to Reach Final,reach_final,Senegal reach the 2026 FIFA World Cup final? - Yes,0.0195,51.28,178.18,,22099.14716,0.015,2026-07-20T00:00:00Z,,https://polymarket.com/event/2026-fifa-world-cup-nation-to-reach-final,,,
2026-05-28T16:59:03.535137+00:00,FIFA World Cup 2026,2026 FIFA World Cup: Nation to Reach Final,reach_final,Senegal reach the 2026 FIFA World Cup final? - No,0.9805,1.02,178.18,,22099.14716,0.015,2026-07-20T00:00:00Z,,https://polymarket.com/event/2026-fifa-world-cup-nation-to-reach-final,,,
2026-05-28T16:59:03.535137+00:00,FIFA World Cup 2026,2026 FIFA World Cup: Nation to Reach Final,reach_final,Iraq reach the 2026 FIFA World Cup final? - Yes,0.01,100.0,70,,33865.28062,0.016,2026-07-20T00:00:00Z,,https://polymarket.com/event/2026-fifa-world-cup-nation-to-reach-final,,,
2026-05-28T16:59:03.535137+00:00,FIFA World Cup 2026,2026 FIFA World Cup: Nation to Reach Final,reach_final,Iraq reach the 2026 FIFA World Cup final? - No,0.99,1.01,70,,33865.28062,0.016,2026-07-20T00:00:00Z,,https://polymarket.com/event/2026-fifa-world-cup-nation-to-reach-final,,,
2026-05-28T16:59:03.535137+00:00,FIFA World Cup 2026,2026 FIFA World Cup: Nation to Reach Final,reach_final,Austria reach the 2026 FIFA World Cup final? - Yes,0.0185,54.05,109.47422,,24732.299,0.015,2026-07-20T00:00:00Z,,https://polymarket.com/event/2026-fifa-world-cup-nation-to-reach-final,,,
2026-05-28T16:59:03.535137+00:00,FIFA World Cup 2026,2026 FIFA World Cup: Nation to Reach Final,reach_final,Austria reach the 2026 FIFA World Cup final? - No,0.9815,1.02,109.47422,,24732.299,0.015,2026-07-20T00:00:00Z,,https://polymarket.com/event/2026-fifa-world-cup-nation-to-reach-final,,,
2026-05-28T16:59:03.535137+00:00,FIFA World Cup 2026,2026 FIFA World Cup: Nation to Reach Final,reach_final,Jordan reach the 2026 FIFA World Cup final? - Yes,0.0055,181.82,116.384,,33190.6833,0.001,2026-07-20T00:00:00Z,,https://polymarket.com/event/2026-fifa-world-cup-nation-to-reach-final,,,
2026-05-28T16:59:03.535137+00:00,FIFA World Cup 2026,2026 FIFA World Cup: Nation to Reach Final,reach_final,Jordan reach the 2026 FIFA World Cup final? - No,0.9945,1.01,116.384,,33190.6833,0.001,2026-07-20T00:00:00Z,,https://polymarket.com/event/2026-fifa-world-cup-nation-to-reach-final,,,
2026-05-28T16:59:03.535137+00:00,FIFA World Cup 2026,2026 FIFA World Cup: Nation to Reach Final,reach_final,Colombia reach the 2026 FIFA World Cup final? - Yes,0.0485,20.62,666.486226,,26128.66564,0.017,2026-07-20T00:00:00Z,,https://polymarket.com/event/2026-fifa-world-cup-nation-to-reach-final,,,
2026-05-28T16:59:03.535137+00:00,FIFA World Cup 2026,2026 FIFA World Cup: Nation to Reach Final,reach_final,Colombia reach the 2026 FIFA World Cup final? - No,0.9515,1.05,666.486226,,26128.66564,0.017,2026-07-20T00:00:00Z,,https://polymarket.com/event/2026-fifa-world-cup-nation-to-reach-final,,,
2026-05-28T16:59:03.535137+00:00,FIFA World Cup 2026,2026 FIFA World Cup: Nation to Reach Final,reach_final,DR Congo reach the 2026 FIFA World Cup final? - Yes,0.009,111.11,97.66,,21987.91984,0.01,2026-07-20T00:00:00Z,,https://polymarket.com/event/2026-fifa-world-cup-nation-to-reach-final,,,
2026-05-28T16:59:03.535137+00:00,FIFA World Cup 2026,2026 FIFA World Cup: Nation to Reach Final,reach_final,DR Congo reach the 2026 FIFA World Cup final? - No,0.991,1.01,97.66,,21987.91984,0.01,2026-07-20T00:00:00Z,,https://polymarket.com/event/2026-fifa-world-cup-nation-to-reach-final,,,
2026-05-28T16:59:03.535137+00:00,FIFA World Cup 2026,2026 FIFA World Cup: Nation to Reach Final,reach_final,Croatia reach the 2026 FIFA World Cup final? - Yes,0.031,32.26,384.5,,27761.24759,0.018,2026-07-20T00:00:00Z,,https://polymarket.com/event/2026-fifa-world-cup-nation-to-reach-final,,,
2026-05-28T16:59:03.535137+00:00,FIFA World Cup 2026,2026 FIFA World Cup: Nation to Reach Final,reach_final,Croatia reach the 2026 FIFA World Cup final? - No,0.969,1.03,384.5,,27761.24759,0.018,2026-07-20T00:00:00Z,,https://polymarket.com/event/2026-fifa-world-cup-nation-to-reach-final,,,
2026-05-28T16:59:03.535137+00:00,FIFA World Cup 2026,2026 FIFA World Cup: Nation to Reach Final,reach_final,Ghana reach the 2026 FIFA World Cup final? - Yes,0.0105,95.24,69.7,,25547.83801,0.011,2026-07-20T00:00:00Z,,https://polymarket.com/event/2026-fifa-world-cup-nation-to-reach-final,,,
2026-05-28T16:59:03.535137+00:00,FIFA World Cup 2026,2026 FIFA World Cup: Nation to Reach Final,reach_final,Ghana reach the 2026 FIFA World Cup final? - No,0.9895,1.01,69.7,,25547.83801,0.011,2026-07-20T00:00:00Z,,https://polymarket.com/event/2026-fifa-world-cup-nation-to-reach-final,,,
2026-05-28T16:59:03.535137+00:00,FIFA World Cup 2026,2026 FIFA World Cup: Nation to Reach Final,reach_final,Tunisia reach the 2026 FIFA World Cup final? - Yes,0.011,90.91,46,,21837.22605,0.014,2026-07-20T00:00:00Z,,https://polymarket.com/event/2026-fifa-world-cup-nation-to-reach-final,,,
2026-05-28T16:59:03.535137+00:00,FIFA World Cup 2026,2026 FIFA World Cup: Nation to Reach Final,reach_final,Tunisia reach the 2026 FIFA World Cup final? - No,0.989,1.01,46,,21837.22605,0.014,2026-07-20T00:00:00Z,,https://polymarket.com/event/2026-fifa-world-cup-nation-to-reach-final,,,
2026-05-28T16:59:03.535137+00:00,FIFA World Cup 2026,2026 FIFA World Cup: Nation to Reach Final,reach_final,Belgium reach the 2026 FIFA World Cup final? - Yes,0.055,18.18,229.99309499999998,,25314.582,0.01,2026-07-20T00:00:00Z,,https://polymarket.com/event/2026-fifa-world-cup-nation-to-reach-final,,,
2026-05-28T16:59:03.535137+00:00,FIFA World Cup 2026,2026 FIFA World Cup: Nation to Reach Final,reach_final,Belgium reach the 2026 FIFA World Cup final? - No,0.945,1.06,229.99309499999998,,25314.582,0.01,2026-07-20T00:00:00Z,,https://polymarket.com/event/2026-fifa-world-cup-nation-to-reach-final,,,
2026-05-28T16:59:03.535137+00:00,FIFA World Cup 2026,2026 FIFA World Cup: Nation to Reach Final,reach_final,Egypt reach the 2026 FIFA World Cup final? - Yes,0.016,62.5,128.571923,,21775.96331,0.008,2026-07-20T00:00:00Z,,https://polymarket.com/event/2026-fifa-world-cup-nation-to-reach-final,,,
2026-05-28T16:59:03.535137+00:00,FIFA World Cup 2026,2026 FIFA World Cup: Nation to Reach Final,reach_final,Egypt reach the 2026 FIFA World Cup final? - No,0.984,1.02,128.571923,,21775.96331,0.008,2026-07-20T00:00:00Z,,https://polymarket.com/event/2026-fifa-world-cup-nation-to-reach-final,,,
2026-05-28T16:59:03.535137+00:00,FIFA World Cup 2026,2026 FIFA World Cup: Nation to Reach Final,reach_final,Spain reach the 2026 FIFA World Cup final? - Yes,0.295,3.39,3407.1562180000014,176.66666199999997,13939.8082,0.01,2026-07-20T00:00:00Z,,https://polymarket.com/event/2026-fifa-world-cup-nation-to-reach-final,,,
2026-05-28T16:59:03.535137+00:00,FIFA World Cup 2026,2026 FIFA World Cup: Nation to Reach Final,reach_final,Spain reach the 2026 FIFA World Cup final? - No,0.705,1.42,3407.1562180000014,176.66666199999997,13939.8082,0.01,2026-07-20T00:00:00Z,,https://polymarket.com/event/2026-fifa-world-cup-nation-to-reach-final,,,
2026-05-28T16:59:03.535137+00:00,FIFA World Cup 2026,2026 FIFA World Cup: Nation to Reach Final,reach_final,Saudi Arabia reach the 2026 FIFA World Cup final? - Yes,0.028,35.71,215.1225,,41369.96441,0.038,2026-07-20T00:00:00Z,,https://polymarket.com/event/2026-fifa-world-cup-nation-to-reach-final,,,
2026-05-28T16:59:03.535137+00:00,FIFA World Cup 2026,2026 FIFA World Cup: Nation to Reach Final,reach_final,Saudi Arabia reach the 2026 FIFA World Cup final? - No,0.972,1.03,215.1225,,41369.96441,0.038,2026-07-20T00:00:00Z,,https://polymarket.com/event/2026-fifa-world-cup-nation-to-reach-final,,,
2026-05-28T16:59:03.535137+00:00,FIFA World Cup 2026,2026 FIFA World Cup: Nation to Reach Final,reach_final,France reach the 2026 FIFA World Cup final? - Yes,0.285,3.51,5963.310523000001,150.269652,18916.4698,0.01,2026-07-20T00:00:00Z,,https://polymarket.com/event/2026-fifa-world-cup-nation-to-reach-final,,,
2026-05-28T16:59:03.535137+00:00,FIFA World Cup 2026,2026 FIFA World Cup: Nation to Reach Final,reach_final,France reach the 2026 FIFA World Cup final? - No,0.715,1.4,5963.310523000001,150.269652,18916.4698,0.01,2026-07-20T00:00:00Z,,https://polymarket.com/event/2026-fifa-world-cup-nation-to-reach-final,,,
2026-05-28T16:59:03.535137+00:00,FIFA World Cup 2026,2026 FIFA World Cup: Nation to Reach Final,reach_final,Norway reach the 2026 FIFA World Cup final? - Yes,0.08,12.5,5766.394276,8.58,30018.7971,0.02,2026-07-20T00:00:00Z,,https://polymarket.com/event/2026-fifa-world-cup-nation-to-reach-final,,,
2026-05-28T16:59:03.535137+00:00,FIFA World Cup 2026,2026 FIFA World Cup: Nation to Reach Final,reach_final,Norway reach the 2026 FIFA World Cup final? - No,0.92,1.09,5766.394276,8.58,30018.7971,0.02,2026-07-20T00:00:00Z,,https://polymarket.com/event/2026-fifa-world-cup-nation-to-reach-final,,,
2026-05-28T16:59:03.535137+00:00,FIFA World Cup 2026,2026 FIFA World Cup: Nation to Reach Final,reach_final,Argentina reach the 2026 FIFA World Cup final? - Yes,0.185,5.41,963.1568050000001,205.26315599999998,18034.5003,0.01,2026-07-20T00:00:00Z,,https://polymarket.com/event/2026-fifa-world-cup-nation-to-reach-final,,,
2026-05-28T16:59:03.535137+00:00,FIFA World Cup 2026,2026 FIFA World Cup: Nation to Reach Final,reach_final,Argentina reach the 2026 FIFA World Cup final? - No,0.815,1.23,963.1568050000001,205.26315599999998,18034.5003,0.01,2026-07-20T00:00:00Z,,https://polymarket.com/event/2026-fifa-world-cup-nation-to-reach-final,,,
2026-05-28T16:59:03.535137+00:00,FIFA World Cup 2026,2026 FIFA World Cup: Nation to Reach Final,reach_final,Algeria reach the 2026 FIFA World Cup final? - Yes,0.0115,86.96,158.557141,,22162.1419,0.019,2026-07-20T00:00:00Z,,https://polymarket.com/event/2026-fifa-world-cup-nation-to-reach-final,,,
2026-05-28T16:59:03.535137+00:00,FIFA World Cup 2026,2026 FIFA World Cup: Nation to Reach Final,reach_final,Algeria reach the 2026 FIFA World Cup final? - No,0.9885,1.01,158.557141,,22162.1419,0.019,2026-07-20T00:00:00Z,,https://polymarket.com/event/2026-fifa-world-cup-nation-to-reach-final,,,
2026-05-28T16:59:03.535137+00:00,FIFA World Cup 2026,2026 FIFA World Cup: Nation to Reach Final,reach_final,Portugal reach the 2026 FIFA World Cup final? - Yes,0.165,6.06,2945.250517000001,141.284114,18121.2875,0.01,2026-07-20T00:00:00Z,,https://polymarket.com/event/2026-fifa-world-cup-nation-to-reach-final,,,
2026-05-28T16:59:03.535137+00:00,FIFA World Cup 2026,2026 FIFA World Cup: Nation to Reach Final,reach_final,Portugal reach the 2026 FIFA World Cup final? - No,0.835,1.2,2945.250517000001,141.284114,18121.2875,0.01,2026-07-20T00:00:00Z,,https://polymarket.com/event/2026-fifa-world-cup-nation-to-reach-final,,,
2026-05-28T16:59:03.535137+00:00,FIFA World Cup 2026,2026 FIFA World Cup: Nation to Reach Final,reach_final,Uzbekistan reach the 2026 FIFA World Cup final? - Yes,0.014,71.43,62.66,,21706.73274,0.02,2026-07-20T00:00:00Z,,https://polymarket.com/event/2026-fifa-world-cup-nation-to-reach-final,,,
2026-05-28T16:59:03.535137+00:00,FIFA World Cup 2026,2026 FIFA World Cup: Nation to Reach Final,reach_final,Uzbekistan reach the 2026 FIFA World Cup final? - No,0.986,1.01,62.66,,21706.73274,0.02,2026-07-20T00:00:00Z,,https://polymarket.com/event/2026-fifa-world-cup-nation-to-reach-final,,,
2026-05-28T16:59:03.535137+00:00,FIFA World Cup 2026,2026 FIFA World Cup: Nation to Reach Final,reach_final,England reach the 2026 FIFA World Cup final? - Yes,0.22,4.55,2152.185463,1184.6881,18047.04,0.02,2026-07-20T00:00:00Z,,https://polymarket.com/event/2026-fifa-world-cup-nation-to-reach-final,,,
2026-05-28T16:59:03.535137+00:00,FIFA World Cup 2026,2026 FIFA World Cup: Nation to Reach Final,reach_final,England reach the 2026 FIFA World Cup final? - No,0.78,1.28,2152.185463,1184.6881,18047.04,0.02,2026-07-20T00:00:00Z,,https://polymarket.com/event/2026-fifa-world-cup-nation-to-reach-final,,,
2026-05-28T16:59:03.535137+00:00,FIFA World Cup 2026,2026 FIFA World Cup: Nation to Reach Final,reach_final,Panama reach the 2026 FIFA World Cup final? - Yes,0.0135,74.07,62.65,,22847.72192,0.023,2026-07-20T00:00:00Z,,https://polymarket.com/event/2026-fifa-world-cup-nation-to-reach-final,,,
2026-05-28T16:59:03.535137+00:00,FIFA World Cup 2026,2026 FIFA World Cup: Nation to Reach Final,reach_final,Panama reach the 2026 FIFA World Cup final? - No,0.9865,1.01,62.65,,22847.72192,0.023,2026-07-20T00:00:00Z,,https://polymarket.com/event/2026-fifa-world-cup-nation-to-reach-final,,,
